-- phpMyAdmin SQL Dump
-- version 5.2.0
-- https://www.phpmyadmin.net/
--
-- Host: 127.0.0.1:3306
-- Tempo de geração: 29-Maio-2023 às 13:14
-- Versão do servidor: 8.0.31
-- versão do PHP: 8.0.26

SET SQL_MODE = "NO_AUTO_VALUE_ON_ZERO";
START TRANSACTION;
SET time_zone = "+00:00";


/*!40101 SET @OLD_CHARACTER_SET_CLIENT=@@CHARACTER_SET_CLIENT */;
/*!40101 SET @OLD_CHARACTER_SET_RESULTS=@@CHARACTER_SET_RESULTS */;
/*!40101 SET @OLD_COLLATION_CONNECTION=@@COLLATION_CONNECTION */;
/*!40101 SET NAMES utf8mb4 */;

--
-- Banco de dados: `gse`
--

-- --------------------------------------------------------

--
-- Estrutura da tabela `lembretes`
--

DROP TABLE IF EXISTS `lembretes`;
CREATE TABLE IF NOT EXISTS `lembretes` (
  `id_lembrete` bigint NOT NULL AUTO_INCREMENT,
  `text_lembrete` text CHARACTER SET latin1 COLLATE latin1_bin NOT NULL,
  `id_reserva_fk` bigint NOT NULL,
  PRIMARY KEY (`id_lembrete`),
  KEY `id_reserva_fk` (`id_reserva_fk`)
) ENGINE=MyISAM AUTO_INCREMENT=7 DEFAULT CHARSET=latin1 COLLATE=latin1_bin;

-- --------------------------------------------------------

--
-- Estrutura da tabela `professores`
--

DROP TABLE IF EXISTS `professores`;
CREATE TABLE IF NOT EXISTS `professores` (
  `id_prof` bigint NOT NULL AUTO_INCREMENT,
  `name_prof` varchar(150) CHARACTER SET latin1 COLLATE latin1_bin NOT NULL,
  `pic_prof` longblob,
  `email_prof` varchar(150) CHARACTER SET latin1 COLLATE latin1_bin NOT NULL,
  `pass_prof` varchar(150) CHARACTER SET latin1 COLLATE latin1_bin NOT NULL,
  PRIMARY KEY (`id_prof`)
) ENGINE=MyISAM AUTO_INCREMENT=8 DEFAULT CHARSET=latin1 COLLATE=latin1_bin;

--
-- Extraindo dados da tabela `professores`
--

INSERT INTO `professores` (`id_prof`, `name_prof`, `pic_prof`, `email_prof`, `pass_prof`) VALUES
(6, 'Teste', 0xffd8ffe000104a46494600010101004800480000ffdb00430006040506050406060506070706080a100a0a09090a140e0f0c1017141818171416161a1d251f1a1b231c1616202c20232627292a29191f2d302d283025282928ffdb0043010707070a080a130a0a13281a161a2828282828282828282828282828282828282828282828282828282828282828282828282828282828282828282828282828ffc20011080236023403012200021101031101ffc4001c0000010501010100000000000000000000040001020305060708ffc400190100030101010000000000000000000000000102030405ffda000c03010002100310000001f2b4af0a7a5eabb2d678997434742c6bb5aa4f096e8d53970d8a833aad9aa4165ab63320ad03739e7b1bb1c1a4036b152ebd9bb5bcaac79eb2d2b0c4e9c3ce7ce727d0f9dea5cf2d17ef339f452339b4d80073d0f3df450675879d2686c07bde3abe1c8797f669f4231160735cd76d89cb1e70b6c4f58cd5a0f4b3e3a0c301b4622cf731d00c4f69612362211cb4d881ec589721575fcf6560a4b3a7f61e07db6a32eea6de97961ca8dd6a026e5485076469282a517552849a12a675371c01b84d38dad9164f4f276b89ee656bf139ebc3f79e587dd7d122798fa729c20f533f8207d1d62fd2d302ae91071193e995d1e5efe834eb3c399dd132f8b33ab13039fe8f9ce8b927c9793ef7cffaf4f6adaf9ebd545d861ebe3f0c62e2ede2fac3276e8515271d6d6c0506b228834d92829324ccf11ca75dc0d0b533925d52cefa0ed79bdcce1a8bb0fa751e55dfa4dd936a44e74594aa164443a1c78a359e0ae4a3022f18a3275716cbb739dd2e6aec31cdd2e4d3e736f670747c67b3085a59d9a50bc11bc6343b74b1034235db1d91b4d87095beb01c37eac9b5993b3913e58d9e3fad23b2f8eec2002200a2b8a39303b8e3fdb62a94774ea321a498250b192a9ac414c670141a6c894d2627481d24cebf5f176b0b7e67779be86faf8e7519c48c50a2956c73e34c547335b2eb33da09b2cc108c22bc7d2ceb2162eaa2a8d1d0c5f1dee3f3691d166e729124f84d95254d9d9d25e6fe918fab2fcf3b8aaded493f3ca6748674cdba6409d5cc96f449edb8e5eab6efcc43f4cf3fe98cf4edb1193b24e938324e10a6e885139582846f6a74d8ee105342dee8b98e972db27394779221a19810bea8b2da921ebe5e963486e71025c15215e4dd7cd2718904674e9d7b138f26af0af1b2758f643873649a53b34822f26124415759ab66db782dd026603740e1cf3f4630b15cf0f355a6509d912eabd392e8ead0af2ccdf13b30fb745e543775c375c328c2cb55482c504c9cabb2549a51a252ae6c83a71b2642d4e8f99d65b644aa2b48d9e7b6309bb1e5112203d04dc1b6b66554ed99185b182b9bf6199a5d5cabe71b39b1399681397665a9f98f5679c5edd379e413b976d5986dcb6a492d1a674092484a710ba9be86327402e6ef366b927eab1b9a4642b66e4a2b38d6d6e535fb2f5bcbfd532fa6bc5abd00364cd27084670428c981d33a12481327424ca8ec4c061d44f530f7aca00a532c956e0fb193a230941aa7214e78b0a444a19beab8fbdca4022799e69ad93f14349695016b1cbaec52c42f7a6767049903bb30499204ece1364c17d17d21149049d9c133b065e5f4f5613cb3e86771c294523a73399e9fbf4f38e17db7c7ba182a4acae173254ab2288b3bc91932628c981d326753084ba438a807b035b44e4b5a11a47dd18bd2baa545643ce16e155f4387e8f8bd883d5c8b332a4dc19a9b6eb713d9fb74614a0ec2a49032740c9d033a60493824ce1368b85f559008a76919d26276412148a9976668ca1722dd06070e6ba3e7086753e63e9fcbfa1af9446cab51d330345325176791d99992514c92743d333336ba276b17501de84ba25ca1eb2e9a34f3cfc9757572854516c2cc2b57d0b9ee8f85acad5e639a2124772c13a8cfdda324a9a08a1c64ba4d24921da34810abb189d903a67049d04d464cad3b21d93b49261bdb4b80e50d7a2409ca5722b6b13873e96dc3deebd3c5f33b3e3ba9d4d26641a4c88a769493481a4ed42490cfe830babd80ea686c5978d73146b29bac67552ab9c5a8121743cb7db9509f081e0ece3f2e646f0c66d4e9968d3b218b70c602945c49d986e1961816ed204938926434e984eed009aae6c7493128d52c84c9a1498528314531f077630b96e9f074b19c5f30f69f1dedd058cdad56d360ade4d23274c4ce9893a0d6f42e2fb287c952f0eb53945b4168e59aa81b85bae1e40590e7d9f15e8fc8f72517e604cfda0e517383db92640ec9803341341dd903a8b8382682236514393c5c49d9c6992054dc3839145c0e930a035f4012cf4016214081e99c1248619421688f8ffb0f9a59cac0886ca8892cc1e24b20672100eaf4142b523aad4086579f3ae7d116b353659371c73941f481ef0e78de87a8f9efa47212496620cb0506c87201274c64e0a18e00f07676624ec81699d63d1764d3b2040f4ce0945c1c624341338c9a4d53272aa6ccbc5283034138111c99c6ecec035b5202387ee395679ec1e3d04abb2a09454112504138b303a64ce8840cb44088c6d583d95686867981555ae95e74de36a617d7f49491c4249229a55c151609c8492a102767a72381381249a494501c2504f45e32a4c09a120f764ca6755a898268207a676570b20885a31808330103f3347283526310c9333887ae430f4b13680179356453d3553cd9aad4d820d6b22979410e92a1b7f9ddbc8126cb64f2a4eb711aca68ba555d5147a06077fc3a506807e29d99a8ccd0c8d640e682722492a100703239a01032125494274207cad2c29d3ab9d7370d45b508a49502102949cb03779b9ae926215535c532549b83b23b0038068fc8d6c7116765e9326cc80612d19bdaa2d8a5e4436881d0e0a4d44616b0424e82155d008a9201f6a97c5c5d9744b1a25cec6942759cb7f04c87dc60f2bb3cf5e8b747331475c21218baf87acc45d70418a2f430458b0c3bb34c57b1283dc20cccf4c212774edb17826d615a8c917b3b500981968873da95ad5f533745c512aac2714e1e13a6e82681599d89b5cfb466ae3eb351b032879e3ca86742d0949e7bcff73c4f43a93b6899a4822e9045ddc229d049c13f3193d365ed60f43d8cf70a514c8751c8765cba7698a7e6e0b65d87465e9e51d46c0656449b9283b6c09b8d2641e59ab5264197592ced0c4462f5589b2b6af4b2f51e545b45e2ba2f16026064a782f9c71a11b5ce74040ca020b7306344ebd1051b1e45729bdcd52dad8c6d5a914fc4d81e2c28b1ab74b94c22bd2bcc3d2f8c6b01511dd10aa7a7355b858d5b22d55201cfcfd04957640648840f45b5d90b8ae36c72b6ec790eb337d08ad9192ed73cec7928283951d2e0ee6545e899cfef89b1368055ac86ce34b8fe7354837275b32a6bd7e76c5be89e210623162924595599a2b6a2f0cb77a19744b67135488be4dc8e95b0cfa079b32c80c92c5a7b1a19f2acead6cbba4c13f38fb39dc6b83d4d0e978b43be868b563d6996283b25164892820a740039a6b283150560a56912ae71a554a4d9dbf45cf1506f63c4497eb1ceeae264afa2cae97500c6fcac5d00cd5a99937cc8a9b4087ae4436a29539b70e678a7e8e62dfa11efaab295b14657616d628cdc4ba2b60defe855f31a7b18a45576fc99cd43a60c7cee9409519409a1e8b5c3232ab2d7a2fc9452400cce7e1637415c6d4143dec1544a4c15ef74c76222152b9002781a02891526e8b54ee15570ccb145f3a67743528a1751a3c574f8912e12809e8395e8641911ad1bf095f7aaa38cccf47047c3b757e6caf64de6ba14dcdeb3088e95a13189650c6766768dcab216f736f4cf9b6b8b2a8dbe6dad47e12c9beb602f6951c8696f41cf371d0ce71656391705e6581cd2189cfd00d5edd0aa56b854c4b0e97b5c74abd08657ba63a2106168006441211f9b4c99c65a44a9b6a1b49966dd3bb6ccd3057525cbf46e7fa5e538f6b8911698747abce6c65a986859d73d0f33a8754798b76d975af2bdb4ba39955d83915a9367b678c51e88bbaa1a33489d8d6e98f9fe7fa271e5e0c363a1776ef3a30ac5867cde2e5960497c2daad69f37de706b490b7ae88a95f2d8a625240b2b6d00d8e71848d9002e5a0191491c81811d94582df5ea4e519dca85b5221376ce9d926349d02d5cbe8737d5646ce5f274e31d0956446a63f428d3710e18e0ebb3044621544410a4990d24829b520764e099d0294505a3cd8544ad4d071bee960d5a38aab0e9dfe72a6ad1ab42753b95ebb96d2402af975663b16a9013bed6c1b0998068e6450c4a01a2730088a41e79a595b794836556eb0f26a6d143d4b364aa5cab550c825c4702fa3e4f720f49c2e839ee4e90b6b2b4d3c3e92153cf6e719b13b26dd9d8949204920492049d0327604ec81d920492049204921c73b4ab4f9ec4e9c29619e1985edf15d9f117996c1cfa332d579a1a73ca90694b2991acb32b66c3e4a4b5500c1a4b310f8dd200bd668934ae1eabe96ac432ce88908e0448590110ad82fbc19a7ebd5f1be83c9bf28fa9971a1dbdcbf524c9d2b874ce349912ea8059aab99cf6bb55e79433d297979c1e86b0b3d3eb5732533716617010f090d3b212490d99d804e735f2a348ee8d7333b8ca4379682ce4e74659ac9e9c73a42d159ce8d059ee33dc04cd0883011e804035e3dbdd16c650b8b2aba8658f1967693b319d3045dd0276922deab949e75eb51e0bade5d06db130d9d757c589b67d783cf3eb1a41d0dacc9550b8b6a8c01b2890a69ef1a793edf2f4b253bd41fa7293324ed280515b46f34f15d819c13c57a04788d0cac9546d6572e03530650cd36068d8c1078a09bc6c08c672082676924c9b33c822a68316f10cefc2d4cfa290f7528b1e2a29e2eeda767427536466a5231b6b72d2b41a3a33dcab0e3bcec519cc07543b22d8c103a640e9903b240e9297d9f29d3727955ce3ae882242a0324149a3ca134295ad115a31f325268445b93aea31e2b39cc1393582bdb0d287b18515361c53c8210b0168c42142494539a641cce9827fa1934eab7497a08a1093a8a77676de5192252771c75ac378e871746bc1f2af7d1e962925aa492994920492049204920492074ceababe5fa5e6f2a824b74927024fca8546a8e0a0b20c93499c4e990e6486e9f4025eb0717223c1b0f125d83b90804898e0240c80512bd828acb98088c41c59e068fa78c2515689a091524928b69276da6d342df209e2aa9e71e7a68bcc32b13a8c8efcb294a3d3092492490249024902490d24814a2e9f4bcfeee1e55524ba1249d0915a1519661cf52240f41994ecb0f9f8981c52946c4f5cd17438b4a9885cb5435ec382b591069b8ab56a1d4d638aa94d025241e7ba59ba3eb64a0f5d234671a0255695daf44187f4d8b6f2bdd5915e15bb1c8849b0f8ce8d8cb71f790c2e873fd2c739a4d2d9249a49394af9b0546336222612529d27bf91a9998d0eccba149e2e2b25530ae90ce913211d85a110d3261b923df26d9e05fe6ea544559b9b45c4aea5877422c174c56116e0561ab0cb8b7aeb2907267e7e9fa788aed24e2d274465366e0d6c82bb9904e75590ec752e6b83bbb182302de37edc13ba72272b61e973eda79f175a649926653b9d6963aa365f1524686ca5ee006cf1bc47d9974e786fb520c35b8e2c35b95064b6ad0980957156283d0e6826f2dea4b31b9eb4e39ee33904c2310280f60621a6c020d1966b06a366c435164a46269e6697a3908d7ca58ce4b0e8721874225d834af92059156e6c3b74572d666b024f5e46e7e8aebcb9d86d65677559068a2241d282a9a1d3b956e2b1a09937820b14106e161530f49b169e8cf72ac5687ad566c668fa83922e8c6d6454d323252642e8598bb18d7e6d00731d01b98e0123e200b990015ca9b008e824662d38333968a473ba40687a1941d9213d8c368de87549dc1a52b6489f35c7716b0297567902f5e6769f3f2eacba2ac13aa7286df1556446fa22aa1cc690195f54534ea69087199a32c00e4757ca9394aaf8573b968df680f6d8ec69254274a93a4ec4893c4069dcf720db38f9fba8ded8554f62442562456d745ba949322a70426b98552b90723a599a7e9e35d95df34eef2aa84a4e1156b223ad759c143b5d2803e6fa5e6b79ad38dd104a1ec659650ad699b80f53d086010c1e8d4a9301afa65c2bb9a58ec4b80b74e526ae4ecdd0f053b6c9dd3b13bdcd528db9acdbf448a904ab552778c42c61829ad0af2b521daaf68729b11e7ed4b12d20d02d30657b207acc76c595e855abd2384d4cdd4f531a0a1c897293595a33bb0a1d0a3385d6d6d58b6a04aba206c7d4cae996aad8d202570b955b60ca431c2b2d1321e54ae7a9516b4532499d34921294649f566d54615cc55286f322c2b6a77abc78e8b6618ec9eb365349a5567d50cf1aabe69ad67a97b6a9e8ba0783dc10489a5e574d4f63e4e86bd056d6482a5720a2b2621529293cff005b23a1f5b011e702af9344b96e44de62dab3c68458b26edcde2f9facc72e70cad9934b4312c19ec451028a79a6748564c76031c3930b90b3a57bd4ecb9eb76bb6cd3b371ac2516de64f5b22c5446593019496c27714391395ca74f72ce9039626930c84adb9ab4827c5ebcb10ee2d8c94678dc66ee266924571b59952b123ccf6f9b3bd2c8a84886567b194143ca0e2c59d468b61661ad5cc9dac90ba2166b160551155c6d8455755f040713289295288d3b3224f1644d410ec7ad05d2a66d74e1d4343a215ad2651774dac9da15daeb4977498eecc124d308da61d4aa28316e7547ca88684b3527bb673e533588ce2320e59b67369a0e2918558a0020959683913d2ed9b7552a46c92e9cf3814b3a8a49369a42d1392d21d24388490811d2cea2c9495c528b85494ba924c4c9024903a484ad493d50528633a5a4db6a56a52498e924324a5ca495223452d645152445249a649b5248692427b527279695260d2c8524b83792487fffc400311000010303010802010402030101000000010002030411121005131420213132332230230615344124403542432544ffda0008010100010502d2ca8f63d454066c3a68c47b3290a8f66523a7a8d9744c68d994b8c9b3691ae76cda4c59b3a94b7f6ea5476752afdb292d16cca474add9749c47ed3449db2a8ec682982fdbe957edf4ca92922a602279429dcb8629d0bc27b41155b2e26ae1215c244b84857090ae1215c242b84857070ae0e15c1c0b83817070214502a48194f153c79159750d2539aa78f03b4689950de1625c244b858970b12e1615c2c4b858970d12e1a25c344b868970d12e1a25c344b878970d1234b194fa329ec730eb0c4e964a2d90ca677f554eb35bf18e8c7c6a4e4fff00bbdd7a87f8b7c1390ed4ff00c869ff002ca93c4e903540cb80174d2ca68b20aae1ddb95b4b2b73d38fcca018c5fa8eb9d4d1465f24ed18b3fa9fac615647bb9f98fd6f635e2a20319d3f4f6cd14d0794c5547c9d31f8c4308fbb9a9bddde2c3f1450ed09b5433f96549e28a885994fe1b66bb82a5936955c8efd273ba572777a96da47b43db0eccb81b3235fb6c49db318a4d9d2353e1734e2ac83094ca495c9bb3a52852181043b7ea875f68b1e63929b6f51caca7aea7a874a6cc5b4875d0f2db43ce342d0e13c4639360d2f15b45dd1b17629cebbbce495d6667d2f6a7ec1fe2df147487ded3fe59527607a5d7f51748ff56b6f4ca8aae6a3928b6f55cd565560eaa9fac56e4731a53e8e1721b3e14c82362b6953e9fec76fd534cede69fa5e94c54d55eb5b44f5e528856fb7f4845682a9d667613bb18dbd5529ca4aa72778cbe4a636644e186434bf48cfe76ff2ca93b0ec530e4c8fc36e531aad9e7bad814ce9f682adee1520b43f5482f1aa77dd92c6d9639bf4ed3bdf4bb029a1780154bae476ac76537de397f4b7fc54dd66feebe4f938e31d00f8cceca468fcdddca419bf8462dc8b406fa45fc96ff2ca93b2baa47aa6934acd8d4b52f1fa76901a6a68a963550eca44d18b5d235a9d54c0b8c5c6146adcb8a7a354f5c4c8854c88553d7168f52c796399334ab845ec6a967ba2a1666eadd9e1e9ec2c3ca3908e403af2fe98ff008a1d5c54873a89fc7a454b1051f88d2019544bd1b8fe3a76e917f21bfca29fd914cf8917b453a06eac890d534fa5d3a47bb96aaa6a21ae8aa192d36f24abad68b37e98a173d47188daaaa95b3b6781d13ca3f49d2cadcbfa6cdb63ff00533b18e25e52d69b47d9b6b334a51f1ab2bfa8512a2f78fe51522ec80c8d151d849107b6589cc3d42c9cba9e5babeb5b431d598688474947b3994d2fd313831d14cd7f254c0d999510ba27fd56d6dc9b04ff00f216d07fc23e8da4194b56729c0b973be7744a67c6371ca725442da407f3ff00dca7760cbba869044347594d807735bfd16871514cf6a6b83831ff0025594e278e56163f96da80acac86875fd3ff00f1cab0e531e8da66e11f77c7e57d1bd5ee758462e9cf016637b9b5472304c2a632fde315c154149803a4920607ef243bb70479db148e4da572148d5c346b868d70d1ae1a35c3468d2448d2353e95e13e37379206ddda3dfbb7073676b1d905b4e97369b059059059059059059059041cd593564d41e166d59b564dbe4d5fa7ff00e3de6c2f93cfc9efe8dba6f48b4a7eaea836647eb78de1dd84581601601363c8ec8a0dd83d02a8a811a87a857529bbd5b46c323936902646d67d3fd6afa78dc9f4ae088c53496913adf14e24904851cd740dc3c5c6d9a2dd4a5a8b562b1565656565656565656d7609ff00e7d53f1899da946534e6cd7f677969074654752ef00e016415c6816c8a2c901885553e3a35e5ab7ce45e5da06b8a65284d635bf537bafeb5fe948c6bc4b4a40e5a495355753efa1a88cc521fbb617f02adff00206cda26fe2a87843acb7c9da3459b7bcaeec59f90b42dda0d5b3a94cf3c2c0d6b8aa99774de4631ce51d335abca6fadbdcf71d8ea350a681bbc962747c80d8c1266d70e9b7e96c4b02c42c42c42215959595b96cb627f027766f75c88bf1c21d93987e23b28fe52486cd67895ff00a68d6dcecda6dcc4ee88b83448fce4d61a6ba00007a083c7eb6f73ddbd8f28d246e4c167b2a29cb392964c246f6ad844b0cccc1e7edd94fc366b7bd28bcb572da206d11f0babaa6ef527e3fd13d3ff005d364d3ef266f40ab5fa0405cc30066b51eb02c3eb1dd311efca5350f84ca7a6051efa52cb9b5e3a6de8309dddfeca2b7ed41528b43546eeeee71f995fd538b4521f95d3bb7fee80baa087734e53dd8b5c72217734f088c6afeb51f7313bbf3d48bb5a6e15441bc474a77eee41d5bb661de52bbbfd948fff000d0f8b1df2963f36b7a59397669377affb3bad42d9b0ef6a74ac934eca921b0e487ac9f733bbbbf3b7a887a6b5306f05ac552bf28e76e42b23ddcff6507a616de695d616c5807c1590194cee8d61d0f73ef5b222c614e3887bb272a68b33c8ee82985a2e59ba44dedce13fbf38527c6a35ab86e1523f191c6eb6fc58cff66cf1f8694290ddf275247e4455275554eb37b047bfff00a1832742cc230aacfe150c7bc70161c9506d13459bcb53e91dbfd1a9f58e4a98702134ddbb7a2ce98f7e4bf3d07f15b0ba381a7aff00ef1944a91d6640318e6394ba0193c759b66b32aad2b7d6152b718b96a39ea7d63e979c5b1bb266aeed0bb2668f19369fac5a9171345bb7521bc758cde53c83e5f5eca1bc6569ddd337b7fd074174feae57bca8b8289edcd846f36337ae952d2f66ef060e697acdcd53e23e99bd507ab57f8d27a1e6cc8ce4c5077e49bd89dd457330a83f5fe9b8f276d493085c6cd723a47d6791d68e2f14d6dce0d5bb6ad951e149abbad4731eb53cd55f54dea8fd7ac9e149e893ab69fd4874aae4abf58456da8c0abc02c42c42c42c42c02c42c42b0560ac17e9861dded47dde7abdbf27e94eaa4fc07409be49832744dc23d63eb35faf28fe672c8e3bcaae4bf3547a9bdb597d74dd203da97d6a4e953c953e98cdd8b6f37e67ebfd366d4554fde4c147d1aa43f185b6131bc9a165de18b65419d57252f567fedc9313bcff00f5f2f7a9aae4a6e6a9f58d25f5c06f14dea87d4a9bb29ba49c951e883d2b6eb2f010ada637388560ac16215959582d8d261b39e53fa36fa3bab9abca54503f20b63438c3ac9d194c2d09f7f21eb54ee953cb1f59eab9297c3497d6df1555ac9eb83d553e96782a7f25587143927f4d29bd3adacdbd29d6cba2b0560acadad0bed461b93ea083528a675909c5b1f8e8cf2a688cd2c4c11b35a936863f077f27919d6aa6f6f2c1deac800687b51fa749bd4df152f59b4778c5ebaaf58eca1f6ada1e111bc7ad47a284fe055a32a67f7e51a1d68bd549ec07aabf484749cfe36e9fd45df64d36ee3c9c67d7681fc0cf093dfc907b2a7c390aa6f5d5bb29c68ef1a6f46953e96f8aa87dab46927847eb9cfcb487deabfc694fe2d6a7d1407e2a6178e6f3e41cd47eacb1a41dbb27f660b098df50b65519964f114df21ad79f8b3c6a3a1e4a6ed5871a689d947ac9e119c298fadbd949e14de9d2a8fe21a4bf27c0ece252fae2f5d6b889586ed517f2157aa33d35ab36a7a33f24eed56db4dce55962a905e09ba2fed3babfb2ee74a1a37489d594f4ed9eb1f50616e115d4cf2c62aeef0faeabd2d376e8552faab4dcd0baf0eb51e9a875a07f843d63527ae0f56955a3cd9b18bb688fc5547a62f5ca729e89df8d45fc955c7e749a31d72abcda0a5f6e9b5a3c6a8f28d6cacb64441f09393f48fabe4366b74612d73e791e98550373a9513b2adaaf4ff557e74a6f03c64ca73f8b4776a7f4bce73d302c9b5abf548739e58ecca437814dea8bd7a4bd66558ec61a46f56b77754aa7a417c63117e1a738d4287deaacdea293c943e4abfb53fb6e069b6e3bb0fd5b3df86cf6f8abd943e329ebc91ad8c2f50f38b68cff00933f58633f09fac9446f4ea0f8bf47760ec29619ae9d33f3d6b0da38a53be7632c345ea551e98fd7a77aa2b684a04b05560c7546522abf55478586350dddb9a6e21f713d049bc9694fcd539f9aad37960f6ed398c4a92a1b511d647bda778b1d0f3d275a7d24f18c581eaed49b08dcb617596a9d68e8ff00932faa94de093cf679fc69eec36868eed526f4d0d0b037858b1a73f1d36a75829a91a4c14fba7538c27555fc7678e90f5715207cf398e58d8e8de626f5153de7ce59ff00c98d4d52f2ca193794f0f9d5bf0861e8293ccaa237954c72a887d9b6e5b4b4d58609292a59531ed8877136f02de05bc0b30b308c8d5bc0b781661517af47791e8d6e8fbdbe6ac506ad81d1f56ef9521ff29fe3427f149e742efcaabbdb4b26f214eed0fe59b491c23a8d2bbc6078616b8394bf1a8557fc7678a7bacda6f555bf08e001aa57e67221b01bc32bbf3d23db64542309a9fb57bfe50f56d27794da3d9e9c6cd0eeb0fb36abf2ab54f3be079af86a629581afe4b2b696547ea5d947d5d27884149d95c041c16c177e5a977e4d9f3655eff1a336964f3a738d42adf653bf77284eedb3d9844f95ac4f9dce4ff90a693791aacf14d365502f0b4dc557f1d9e0ab5d689a2cda87673685521fc12c81f3a6c8e6a64e0a94813c1d212ecdf178d1aad75a2a2ef5afc69fff00488fcea24ca6cc2c822f0b20b20b20b30b20b20b20b30b20a8fd48f6887c64f2d251f1c42b2b05b15d8d4d7c96148eddd43bc63384f2f9938a61c9b5a3e31303dd1bb12a28a47378572e15cb8572dd3a070390aebe21cf0e09bf28e98f4a9f447e0a77675d5126ee368b35fbc0ad2ab4ca95d6a48a9246b77132ddccbe613e4b175f7338c133c293b54bb29a9156baef61fc8f763191d6c159168580583560d58058b5060580be0160d547e94e5d834de4414be03b694926ea7aa7e72054926f69a44f764550bbf1550bc347e736e9ee6ca5869cda6deb43f4eebd32577ad9087402331ba0f549f0965f545eb71b369db79e676f654d8ccf23226b439ad229c67c9bf066da84154e327573821da0763137aaa4e8d73b27d31baac3667d56d68fd4875924f160d64f0e6d913e2f97a3e33672a57613f76d177ab64f33787ac01b055b5c78f2de36a635fb954afdd2a53f68d43dadaece90575586d1d43ea668998325c4b58498e9bd339c8b4e6f923ddbf72fb7ee9bb5fbbafde143b4d90b7f7962fde58a7da8f9594955c3c51974b5153532b9b51188e24f77e24e7614b29c62a3f1ac3779d6cada5b4b6965658aa2f5a8bbcc7a0eda4be3fd72b4d8c75026021fc09dda9a4dec508c6ad6e725c395c39506cc81a769d0d3329882b136d914fbe94531b556cf2d9a9dce2c9d99c76324746efc3034bd5340216b9ad555c4551a4a201fc3c76a5d9303a3daf42da428820ec66133e0560e58396d11f34cb928bf37d51f8d2f849f27d962ada59595900acb1565658aa2f02a31664c7e7acbe239826f78583862dddc8a9a4dd4b29c5c1193761a410b6ac53353662f4e634a90b71d8b4c60813f5a65244fdf0161a5936368188b5554d5514b29e253606b4cf672d9149c353e92382ad37a9950160fed347fe24e727c66d4e02b2b2c55962acac5625595906ac55951fa8f527b017906b2f80edcd00bcb2bb770bd85037445c524bbe8a95d78cf684c81f1d5c6e3935caab66c33afd942a5d95142f44a76b1f4a9e569d2a69d950c9763cad2365d5b8d06cc6d3bb4a99c442120895d795972f51df33f921c6c3fe98ac5628058f40b1565658ab2b2c74a3f481773d339251f01db50ada6cf6e557b40da17f8c7f8daa985e48e4c6647c638c358e89bc56e88584aa2de057e5c3f273e4a491e109a55bf7a6d4c8f7cbbe7329c0c260d60863debbb994a03e345d609862a1ea315656b22eeab14d69463ba11ac1608b16ed6ed51fa62529e8d1616d3fa93c7fae6d8c3fcbae6dd93b708a48ef0e2630d3849343bd6d3176ef4b75ff51adb49a6d12ec4b053d2dec1b1fc2923de4146d7362aa1f30cb0b2c56216e9a8356280d2cac869656549e88bc64eaed7fa950e7d8bfca700e55fd5f278cf18753605a285f9c3fedb46536d37f430b9932a0367a22f53656d6dad962ba725c2b854de8ec079ff006a43f101eace5f25f35f3567af9af9af9ad94f732b156f495c3214936f1b0b03a38617d3cffed9ed1c594923728151fbde7161cd5dc9ae28beed31396e9eb72e4637058c815e65babbb749b1b56e9ab74c5bb62a1f4bfb043ba93b697e60a3762ea5944d0d5c5bd8d87a11d69252e9c7fbb33b08b3cdbfdd3c4226ed49f18f22ae55cabac9645646f91591591591591572ae51255caa0f4487a37b0d245bb4625b95ba5ba5895895895895895b22a77322aa809764130e330e7748c6a7d753b13f6b4213f6c393b6b5423b4ea4afdc2a552ed2984ceae019fb84c50da2e086d08d36b60726cac77d3b47d1d1ada28ecdaca810453e72c86272dd396e8add396e5d7dcb96e4addb96e9cb74e5ba2b74e5ba2b76e5bb2b76e541e897ba6e92143b7d2d2b6757eed348707c6d72aaa5c444eca34e91ac4fae85a9db453ab277273dee5d342d6addb13a16a777509b4b27adbe3ad820e73536aa76a66d09426ed16265642e4d7b5dad6973ea1948f7191cd8a3aa98cd21d4fd646b43e8ff00ba67652f468eda5f9c2baa49e48152d6b275354c4c4cae73637d44cf475bac91785bd6adf316fd8a69b2d477775899e2afadf99934ac4caf90282b1bbd64f1bd6d2a8de3ce96d4b82cc26bae397a2e8afa5951ff001dbd5dacfe03a7d16402ee5b1e28141bd6e0232b11a96a352b8871465722f2b257fa1a6f4fbc705bd72debd6f5eb7ce5bf7213b90a84c972e6b0463443b5b2010685656d2da5b92c8694ceb5337b6b2f88fa4a8a3c54e711bf013a579573fe841d694f7e51d5470a00355ec9d3b42e21710109dab78d57be8e682bb147946af09802c160b058154fea1a0565378f385d5430622caa1b78ff00d2a3fe2bbcb919117218461d3b4274e51713cc1c426cee0bba1d563a595b4b2215959595b42160b1547ea4eec829fa37980d2080334b222e246627fd1a0fe3bfcf51d117b8fd83d6c1f15dd5962acbfbb2c5628858a2d58dd62b0547e909dd9302a8e71779820118b685594ecf93c62eff0043677a64f6733632e4da75b86ae1c234e5181c882d3a0eeef0015906ab2b2b72d9595aeac82b2a1f523d826aa8efcac1bc74313631a8d261764cccdbfe86cdf5cbede46424a6c6d1cf53ecd23f302f22b2b2b2b720fa28bd48a1d82a8efc9047be92289b18feb4b2b6b6c5f3b313f7eccf19fdfc99b96f1cb7af5bd7adebd6f9cb7ee4677226fad38fc900bbb428476463ba0c58045816083176e6a2f5273805bc6adf00a57e6736ade356f02cc1741353c006d06235d1d857b6e6bd8171ed5c7b10da112e3a0535446e77712408f3363711b87adc396e1eb74f5bb76bb31547bfef89d8a8e7858de2625c4c2b8a84ae2615c542b89857130ae2612b89857130ae2a15c544b8b8c2e3a35c746b8f8d50fa4a78f9582efa0d7a218ae8b221095100ac58acd58b559a8778dd9354918729232ce58e42c42a02e21ab7ed5bf62df314e5874d99deabdfcf62adcf4ae6b4efa05bd856f6145f02ce05953ace9d674eb7902ce9efbca75bca75bc816f605bd816f605bd8150fa949d0dd755d79ee9bd15c723dafc536473132a0140e924374e696fd7b37ca48dae9f74c5bb6ac1ab16ab05d1745e0af8a73d89e45f9073ff007c9d35babac950fa9547888fa6eca0c5bb5bb582ddac16ed6ed6ed3605b8ebc3fca3883349a145595c85bc7842772dfdd38b55d5fe8d9be6ff0075d5d1784666a35017105199e8bdc55d65adb4b26441c37216e82dca1085ba5b90b72b7216e42dc85ba0b72d5b85b85c32e182e1950fa94be23b7d1d846cbab2214c71514d7d658724e6969d0846e164b257fa285af551216cdbd72c89d2eae166b25d4ac55b9a3b87143b2b2b696d3156283020d0b158ab2c510a87d454be23b589565656e58d991b2b69523e2a39884d78768e607292273790b6e9c2da5d072c964aeaea3f939af8d8c91f93f359ac8aea834ac021f43222e4c6068b62eb2b696565658a21591d4ab74b2b2a1f4b94be0d160adcd1b3336b6af9434cb2e6dd1ae2d4c9d02084f8414e616f216a2de6a7529f82eeb041a3ea644e72640d1abc64186e2dc806a505fde834b2a1f4a97d6d1d15b5b2b28d9bc76365658a3d014795af2d4da84d91a51ea9f0029ec2de42116ac162562a325a638b7cc31e0efa444e29b026c6d1cae7ac0dece44b826f56d95b4b69656446802b2b2a1f51e824eac6f6e40834cae8e20d6d95b4a8e91228fc487abf25d3657042a0adf34a708dc9ccfa3675f79b422e9c96299197264374d89b95807f25ec8ccd09f3dd02428a4cb4fea0f5d963a595962acb1565656d287d5dd3fc1bdb4b6962f74308899656564f7358aa9ee2cd1c2e15d64b2d2ff6d1b3185edc9b23717e94e2ee4d4080778d0f74cdbefc2350519dc9d2b917dd01ab0e2ed29bc6cacacacacacb1565656442c5507a54bea6f881af57ba9e111b347bdad4f95ce56b2aaf0d5e35b2bd966b2d6ff4d3fa6b65dd47df56bcb56f5cb23c975905920d40720efa53fb39acada1d683d4d175523f0c5e1fdab9bd341ba6a73dac4f9c9e4aaedc8f6f35d64b257d2fcd07ab69787397059ab9283501cd036ee2e015dce4038399303c96e53aecff0001d1557a62f1ba7395253eec3e46b13e673901c93b9e11d3af239badf9aeb3592079213f8f689f8eb7592c95f40d405b9c28daec5ac035ee9a5cc4c9c2041439ada509fc42768553302d64e037886da8dcc4667b906db988ba961b6b6e473796eafa74d6c5750ae83bab2a081593663359ab9d7141bcf7d1919798e20cd2e0274cd08d426d426bc3b41d136a1c1717105c5c4b8a8971512e2625c4c69d2389a5178c36c9b629a2e8400a6b437473804f9d6fdc85426bc3b92488393d85bcc4223ec1dc29fb7206fd21a9902e8d0e99a13a67157bf20e89b33826cad3a39a1c9a4b40a86a1234a3205348d946ee2549e09adc946ec437ae8f9ca2e27901514b73a9ea9f034a7b31e622e8b7ea6f9298dce81bf5471e4acd883a625124fd4d7b9aa396fac8ec107978d3ffc40023110002020202030101010101000000000000011011022021300312314140132251ffda0008010301013f012cb3f2392cb2d89b2dc50d16cb392cb8b9a19c96ce4e4b132ce44c4e326287ab10a5c51451ea2c4a14bd6b6f63eb1887094b1085ada2d16596597dd8ae46633f25c62ac6a8bd7165ad9250d75bd1fc2a198e314649ad28f53d4f52a71c6c5e11f0ea28a9a28a8a3f21c21ead98791247933f628f5e8a2bff000ff465f227d6a711e8dd455895767a8d542e7a59550b66257dec684fa7f47396990b9171fc2d0ba14a43851918e35bbeb68487ba943129ae6ff82b6adbf27f210ff8d68ba50e10f67a31742d1456aa10dcbdea3147ee98ab28a1aed5f258aba2bfe652e07a6038ae3570fa1cad11f04318bec66b9d1599598a147e0a1f4287a29c4c918228cf1ae45f4a339c55b28f218e2346464ab11087f62ce34b843dd7d1ab170e1f27c719a84628b1f259665cb3c90b7a2a18f5664a2cf73dc4ec62cd43422cf647b2ba87951ec6632ba9eef1b108cb13e0b34679df0629c5cbb463921e686ed98a1a3056c6a68ad50f64626780b95348a5bd23d51eb0d0b1a32e943db1621ff024332dacb8fc85b262e47ada3d91ec8748b4f643637165965ecb64e84c790fc887e41e6cb67221194267bb3fd58bc87ba3d8bec5b21e4d9456c86515af27bb4639fb75ad6a18f7439a2b4a3c6bbd29cd74b96cb2cb9c3a6e2a51659665ca2e2a6e1e95345422cb2e2cb2cb1eca7267afec5c51454fb16597a628a8a28a28a28a43da8a33b4589965214d143f85145459718b8a28a28a28a2a168a73e468f85c597d4cb8c5df4b16d90be1515d565965c2c4f9f059be862950f2a2ee133ec556df07145147a9490ddcaf9be4cc6287950f362e45085ad1421c559537aac8596d50f21e5656d5365ef65cfc1e43e4f52a164d1ef6596cb70e143d177b85a3866228fffc40029110002020105000202020203010000000000010211100312202131134104302251324023617133ffda0008010201013f01230bf45a68daacd913621c50e0aacda85146ab8c236287c9fc99f144968d768fc6d74ff8c8d88db136c4da8da89d463643f9cad943487ff1cec8d4959b11b11b10e28da8da8da8d899283588e3e847a356347d0847e73ea88f9864bf8c85a8da3733e568f987aa6acdb8b3433aced9f8dffcd7e84559f1220b0c587ff587e0847e5c3742c84ad16364ddc85d23e48a3e689f3c4f9d0f562d109ed90a6896a5215c99a2d5573a1674d1144b850c4786a4d553271707685ae4b59bc5b7ee34a514fb138c6f8aecd3845767842779ae7a6ba171649a112d4a1bb272a257c169c99f048f819f031e8490e12588ab231da47513e8ff00b213b3723722f165a2d16887f89f585858649ed1bb3535aba42d455d929d91d3721687f646115c2b2f4a2c968b8f86f6234b56fa645d70bc597887f8ac5e51b469226ed9ada9b5747fe918397843452f7f64f4948941c4f0d396e445d94562f869be85e0b0b3ab2a5589cadd9a70de4528f9faef338a913838334e7b591fd1a7e0fc165bc6a3b66b4e95118ee7d118ed55cacb2cbe725b953270dae8d296e88b0f0b319254588fb22364dd2b2cd5ff00234e092e17c6cb2f85e7523b91a57174432c5c1167fd91f07335654ab1b55dff00ab17df38aec4f1e21166a3effd75ee1f18f44315894bec7df162e37843e0ff004d6286fa17485e9f659ab3fa42cac3fd2fa1613cbf7847cc5705dbc43c113dcfc1e9a5dbfd163108fbc218b08787c34df5cb4d0cfac3f0d47d65e5e5e11f7c3ef82f47845109532cb2cb2c89278979898fc10c62cd8f0b8ac5623e8c6222950e28459d168e889ec88fa3f0a26851e848fae6b2f3f6566186228a28ac51447c17447c1f98f4a24a88b1e140d84a0d1b59b5ae0cdacdac56c51b3e3222c4177ce85e1f421f82ccbc2e86af0a547a6e7545ee637c93da39095126225d234fb34fdbe56589f54561f9c353c1919325efe9acde531bb34c8aa5fa2023c1caf366a3e87fe8bc45a8becf9a27cf13e789f3c4f9e27cf13e789f3c48aa4244962de5928d7249b36b3e363834462e46c6535ce9148da8a46d46d452291485e0890b8cd268fb141b16831682168c51b52290e891a5ee36a1e923e088ff001c7a2cdafeff005c712e364f5373a21a490a97859b8bc5e2469fa5965e2cb1a4c9684646ae96ce2b8430fce3aba9fd099a6ed668a28ac321e8b165f0b3f25d2a2cb2cb2cb2cb238965baf4d5d6be9178fc695ae3456191f73b448a2b3f932b973b2c87858e59d5dd2f0f8d9b59b59a171914571ac47de367786e8d46e52b2994ceca28a36b36b23e0fd12cd1395167669c1fd8a6bcc562cdc6e1b22ae46d369451d237166b4beb8d71878497652cd13691b8d0a7ee1a28ecdc596cb65917fc8dc6f3796559b4da8d587da2cb2cb2cb2cb2c8783e129289395bc68f42961c70d0d1de1c85e9e9b4a42cd1b551ada74ff4c3c1fb96d2273dcf1a0ad8fa629597fd1b8b4345628db62e9f051144ac39a294fd25a11fa1aac5e2cb2c8f9c35756fa42469fe3b97a461b1f431a1746e372170788ac6e370e63d52dc84ab0cd55522cb2f847cceaea6efe3121a0e5e90d18c4ba1afb2cf46b86ea148b1f82c59bcdcced8a05613c6a68a912d16b2b1426766c6c8e94625acd7f435fd9e1ffb9da6d28a1f98fac6d628e2cedf8285fa748dc58da25a31912fc71c28da8db8861f2631f2795c1087c91a8ba1e3ffc400371000010204020805030402030101000000010002101121312051031222303241617113408191a13342722334526204a25082b143c1ffda0008010100063f028eb11e1b3372fd473de7d913e176da4478541d4aa68bfd957475ee9a068fe51fd3f943f4fe57d3f95f4fe57d2ff652f0be4a737c2a7e4be8ff00b15f4bfd8a6fe9fcafa7f2a9a3f95fa6c938dcab2e4b895916b84c2d66376729d970fcae0f95c3f2b87e5707cae1f95c1f2b87e5707cae1f95c1f2b83e5707ca0d60929f285c4e1b414c597892db1f2b87e570fcae1f95c3f2b87e570ae15c3f2b87e570ae1f95c3f2b8570fcae1f95c3f2ad25b067dd49c2580334626e3c933c5dad35ce422117668350814307a27c5aaab596b1f4558d94c5e1acde13bc6c026e8b4464f7734c0e7b8cc817400e5074081635f2527854ab63e36907eb3c7b04e3952124500a69c517668a1874916c026ad6157b8c8299d3bfd169bc57b9ce199c05aee6a6f72b95cd51ca955b4234546aad16b1311d1a135e2ed334df1349e1bb9829cdd06943cb4724e830f939114445d303b819b4e44e068c8a28a19988c01692222d5a022dac61afa0748ad168dfa9273a5410106e1a80b85735b2d0a903167f9006cca46154fd2be9e2582ef060f2ba6d3732ed552ce04a9c249adcca6b7281415e2d5a488834a1d93dade26ed055831d2d8654941360376e10922cd209b4f244b348e60c96b691c74990287c052ca07caff00dca03280604517277b2ec89835aaa9c466ab06a7e12d5a87d205e41638ff001532ed21192f0f40d9087410002ab82e65702e00b842e4ae02babaac970c26164572570a4d8496b68eea47ca0fc9c9c604af547b21ee9ce8939225493a79c1924fc33e681b293fdd517384997cd7486d38e174dce1275978c3864a84ed3901baa0521034da5277931f93a04c004d666894d6c49cd35b9c1fde0d4f3828b5f4a2b9292aaa1573efba05db2ecd3f41ae64ee68bc389ca17dc4e535b37cb048dd49de498337984a04aec9ad462113941dde2632155acfe28d6525fa649f3136a96904d4dab55dc503fc9107c8b7f2384cd39d944084caaabab853251aab85b352b59dc463544d95b7146aa90155c573563eeadf2b9fbab2b15c456cd56d348c067c97286b36eb668f0bac35da2a1495d5e17575757575757575757570aebfec5144a6b7ac1c57789723099c320b5dfc46326d5cb5df530a595305a4b69c4f65b2d1bde15b155b424a8acacab007ef1f2a6205ede13e407e4624e5000734065803637c1e2bc53947559c50ff00f15a1554145b67d9500f25b426a6ca8cb16a183987d1169e5bf1f915284f99525daaa781c6066ad0ba0390521402121c454cdd758c9a16d6d140726f9695a75056d5b04d030f140efbf1dca2b545d0ec9ce29cece9108c4e0fec548224d8224c7aa9bd48594d171b9f2dd459542d66f0e0e860e614e69e5bef530272460d6c5c703a3ace146a9c0307ac642ea6ee28cbf953cc39bc8d4426ca1c15b8535ae3eedf68f32f309a0d4d6e0181d16e66b0254cc242ea7f76060cabe603c5daa709b68eff00d55874e70398df31b91280402714e279464a49d009f0190ac753de3acef4c3a477a79821169fb6331c4a4603a22d3cd39bbd0bb47f28b47aa289ce013e1ae7ee8126c893ce1ac6d84943ad71390f240f2760d76fac2479c03f3defaa7394935b9a0328b9ca48402720334d6e5030e8a430b90c47c9cc72ae19b784c015ad96f7d502613c913109a22138a674ac47780eb89833763f5dd1392073c20c4843db048d94b941e11de319fd95a7ca0e39d22d6f5838c6a6e9d927bfd23b215789c658f4631b7f2dd3bb26f6c053512818691bd70e8c9b4e125a41d779ad92d5ce0d6c7b22bbc0ce2deb5c0c1909e31d06367e5ba7764ded81dd93114d83ba8c33c8c4f5dcda2f77241a804e3127352cd4a0e8009adcb03ce5452c47f1c4c68e6b47f96e9c8607764d87ac19d4617269835dbc7fe49c539d1306889aae229b90ae12732bd30e8c0cd7fd710e8168bf2c1a4fcb72f964984e49dd937b41df94345df0bfb2676834eeecb49dd14d6e7168838c4c0e90ddd81dd9350fc70b7a04cea31690fa2d1fe580f78b908306662eec99d93908693f2868cff6c2fec99da07a6f35737268465614894703935839a0d16181c9a99db0bfb2d11eb8b487fb264ff9637210d18f5894deca5998e9bbc1bf92181fd9083c74de7aa2ee4d089cf01c0e5e23b89c834580ae10b45874a7aa0727629f543261894d8b90834e513d937b2d18eb1d37a419df0bfb2220eec8ef1d9b8cb081835de363ff0057409da4fe4704905a33d70bbba794d3d3039027253e66a841dd9363eb1d294d307764decb472fb6a811ce1a6f4868fba381ebd2053c75dd95a360e422d1875f4bb3a3ebcd06b4ce5c82d56d1a535b9084c6716f644e4861633d54b2a6072633f9229bda0eec9bda2c1fda04aee9cdc8c1fd937b27fb22dca1a6f4868c23030ee703baeeddad64e7449c00aab915a31d61a4ec8c1c99d9109b128279e56441fbea30fe3443aa641dd937b47463d61de8bb2393a0e5d82f1399aafc8434de90ec1183e0c1d504073835fbb79e64e19629e41129fd93bb26f64e4d86919d6712b5b2086a89a63ddabb2700ee89bb49536a96460fec9bda3d9b06b4f75f4c95a32584561dc80b539ba8a481f5535a6ef0d23bac5f068c826ad196dd022fcd39a8eea5d67bb7f652cd3bb27764d45386461d1cd894c60fba8a6e99446aad5376d2200cd5ca3b64b4f25a567ac1fd908e91dd6507384ab40bed5af36d2b0d137fb2d560a33aaa6b7aa9693447b843a2d21ea9c9dde3a483cfa26a68e8b59b341cdf65adf6ba1cd738738f3c230515d54abad22017a23d911914539beb007faa69814dc9a22d3c9d43167e4aaa898ece907a10250eb55d4d109d841c3a26940ff01353fb9d5855691bcae9c7aa6b72a953ea8a7228943fb209d09b0c96a7f90d91cd100cc6f09dc3e592715dd14f6e754537ad21a32a5f6ba0513cc9c1d4520def1d6e6daa053fb21097f232414b9370353da3d6175b5440e620e7e6822b57f9228e6688740a69c7cb59594b3088cd31dd514c3e88a072aa0534f55aa5786fbf239c1d2d2c84ecbea7c2fa9f0bea7c2f103a639d14c212cd49f21e901d422c376d13fb26f686899fc6aa7cf92eaa85a02bb55c29e4a749baaac17d355d1b90267ea98c6dca70c9045746a726b32aa7a71e90b2b2b42cacad1b2b2b465b96b91ca0d3d11cc2d686a9fb53905a8f203b92d4d2fa3b35a46faad534c123c06dd137ba91e68b49a26a0ee4ea14eec9bd9125179bc97f56d2121c22f0a809ac1606670786da9e7d1689a7f923a436b353a460e2a79a714e7e69fdd4b3f20378746e34364516c3a3949750b57c26f79ad599977536933eea4ea85abae571ae31eca4e70976459a43b62cba765a9a77f641b39ad577dc9cd771009a9ba3fe574f6b3999760b54596b003d5168d100be9afa6a4344be995f4dc8b742c20a3fa4f2f372bc4ff258e39092d5d068dc06698073bc1acccc3ab914501e409de4c5d4feee6bc6fba7f1107dd3fad617570ae9c74835dc538b5baafe5174db31252904c7e8f654b4824f17447b26e91bc62fd51d6a48a7e90ddd4088e66a56b1e4b57420b747994e2eda0b8020ed24c928163a60f2855132b05656565a3102e3e90190b20334513bf30037944d61c91d193687f5726693284e54e6a621e37f8e4cfee5fa8f25dd5596a8bad67713f0e9064e45adfa6fa93868d0ac8b27b1c96b690eb186a8abb92dae3754c7567552c82967090b940b5a41666ba04edc5b712df307544e4bc4fb94c40e8ddc428a46eda2aa27443f4f22a47648cd5082a7c2ee8bebb96b125e7ae2d20f5dc6ae902fd1d2097555207aad779d77c69b4ec822e9cdc6eb48eea9c4fa43c5c91ea20d6faf922701dc68fbaee51427630736ceb8533ce8e10a2d5ba01b31b333254d2bd534a7d96dbf5bd316b7496e761a0aae8be553427dd39a347223328ed86f6539579a7692c64a5cae538f5521eaa8827f4538d55305d5ce0e6aebd513bef44de854f3524d9f09b14d7e454da755d2ba96906d0a467e55cece2dd1b2ee4ecf3407dc88e6a7cc293b35a468e6e4060b6f65869b8f4554d10d5e880770914280371e71ef3ca81359ccad63ca907b7d61a43ca7bebaba03ae2e25c4aeaeaeaeaeaeae99ac69680261a8ee309da37898056cd746ef8f3a74da415e5d1691d9ba0eec89c94eb5aabb97354125c7a45c6f5c4ff75c5a45c6e5c535acf0e9f45f7fbaff00e9eeb80fbae13eeb80fbaf581de829af0ba855bf34083270e69c1c2e3cf38e4834700f9521c4566e375e1835375757575757575757572ae55d5d5d5d5d5e2118dcab957575c45712e25c4b897115a8f3b0e8789a3bf319aad0f54c76e369c07aaabfd96c8256cb153542fa8beb390f1097b72531a37a980d5b5a3f6550e0b8d6cb81f5dceaff002325d96bb86d144fddc91717d571ae35c6571ae32b8cae32b8d71ae32b8cae32bea15c6b8d7195eb846f0334c7673530b69a0ad6d0fb269e90da700af3ecb6347eeb8837b2da7b8fac6cad0a19c1a7aa776430ecbdc3d57d49f75b4d695b4d705c725b2e062c6b1bac50f15d4c822e3608b8ff00c26c9a64a5c2ec955c16ab59eeaaf976c5757578485a211ec86ea8b674856d34393dda505b3b2d9785a8d3b03c9faa3bf90852aa64fb42f0a085d5f75e8aeaeaeaf82cac71d0ab4ffe0642f1d914f243b238f69515552aacad0bc6a88ddf357572b897121df7d26dd4cf140f9308e1ad0429554a2a9c542ab027af9dd56f1299e28c91f26ec353bd1e55bdf1eab2ebae1e8511e44a777c745585d5e15c12c75dfb316ab553115adcfc8bbba7f7c35dd84d1ebe5041b848360b646e1cdf55316f20f4fef86eaeae55d5d5f1b8fa464b89ca7ac55670e6b9ab9dcd55e03a2bababa96b482d972b15ccae132545656555c49a59555536e3a0568d95a2f4ff00204a978817185c617185c617d40b8c2fa817185c617185c617d45c615d5d5e215970ae1556ae15c2b855a3c2aa1708f65c03d97005c03da13875c5d154439c2ea6d83d3fc84decd65fb767b2fa0d5fb762fa0d5f41abe8357d06afa0d5f41abf6e17eddabe8357eddabf6edf65fb76afdbb57edd9ed11bb9957c13850adaa2a43668aa376f4f9ab2b2b2b05656565d17f557a64b66dbeae0bc2eaf86eb895d5cab95cd73572ae55d5caa9572849c552136c6855e1b4d54046e9c9f1babaa05410bee2e55cae6ae55cab9572b9ab9572b9ab9572ae57115c45711573be998b485275e3317523bf7384a49dcd5d5f0d3c9d774775336c55b2a42aba6f40520513bfe8a4b57c99dccf960973568d16d2a429755de1df64ab5c1d7c91dc74c04e3a2da8555157746a883cb7565556c321753d6aae25c8a98defac0a18b55b6e6a406027757550aa150c950cf70725ae30da15288ba18aeb654e6ab788df9430eab6ea582a51e4df2c3aa20a232c251aaba0acad0baa2ade222e1d77ee4306a32ea82352b628175f2ed5b373828aeaf8ebb870df9423aadab8aaf142a56c09752ab53115c34f22dec9bdfca528b5b5aab6a877c50849bc4b58d5caa56c6ca9f3c1d3cbb7b26f92cb0ec1a64b6c495373eaaaa410122b9ad7755d92fe231d54db8e9bf14429e47ac2a566a81542a186cd16d8a66155cb89712e25c4aeb64d1555155502da5410aad98542a60a5d57fe136a14ae3ac6a159a4750b6b4607a2a35ab80291a0e8beef7c12bc68ab86470d3ca4b7b75654a2aeeaeaa23b37c1fffc40029100002020104010401050101000000000000011121311041516171208191a1b130c1d1f0f1e140ffda0008010100013f21d133c0ac93fcafc2105f99c09f9a2692274a2294b57b889965dc795bcdc4989fe6341dbcc7cff9887fdc5ff604b748c13ed34562435ee05dda8838e4cdc7fe993531bf329876031305cb633ba21a30afd893765d0864ca698c9bef268c1ffb47f730e0fe617fa47f731fdec5bfc82ff78b7f90fe963fb187fe80f45dcf6212fcbdecb360251b56c90d141a78508262b91a94221950dc9f66b870f0d799e950c8feb6cfea6cfec63fa98fe86c607f431fd0cec0b817302284cdca620a7c21310ddfa19b5d849b943dcbf611a5148aadcace149237b88dbc8926bd90872e10ce8e0da64d86a1945176e87c5ad190499ef2c91237c290b472504f444f63c36fd86cb2d02083cc347f88acce078104a0e8440b713e8dc4a4485b43c2b3f93ca47c4465a6521a0b9c9ce4889091243b8342a0b40944d810a3240d560a8ecdc4a4ec428a10c7685038646898b042035f8265d167916440cf4a49b5e10d309584471b89a440db2c8ef7cb1925c225ccb50eb26da53dc69302203882afe90c34b102858789622f68a09402f03b2cb9878484ec68d5d084f69121e4c5ef66363e83d7013e0541b43eae4fb362a74471a89495e4c49b222482f209d89a33d8d9261e888f846d0213f238b8024ae20cfcc859285969a207a22591a3b461a79106d4863c5098a594b1a91c673098a69b3e85a24fd563ec6ea10b9bcb723649dedc8eaf1233825197b2a27301285096f03c1364135e458434a89bc038d7269b96380a938847c40c66a21fba1d21a65ea1ca94ca02460b7bb207c0b03ca5b5686882043786b2e0fa1273612a5f0048b02054fac4e8596372609b494b07b0ad8b33360870868eec27278026c8bc8f549088e0245e06a46b8228847837b1672254410d781ae84c7524f08a9ef8151084cf5c1346fb927e6591bb5e4c066e1a53c2122e76485b684ec2327b25018a3cb1b03d90f4a58f7b1d64dc6b16b2a5171426cdf10910469eeb4589db4db2eed8d568b0eedbf5bf6f477c23720db28c14736dc6339e62cc778685305540984e56e17e474254357277a4951667d8c9143441689a19ee213b3df5842c276ffc0f714925864ae4ab6c889925935302449c2c8ad5c93c0e43be6c545990cd70188d3618dd40f2937fc18194d9793e4c7b95f6892cb19465ab4da051e5a3c8a68e6edb1d76f04945d22530b962f0a48c54f730520e58fb1fea1b140dfb22f06f8ddbf8377f346c8ded026e3ecc795a54c50f704329f90937899cfc847c339634d6c3549856d889ae37a1f510d6c333a4115a361b5056c4835064490811c0c95b952569e69fdd8d12ce385459172306199ed63cb365141d938a94238c2106e0536db04a82847cfc0c3dc549791ac7695c1981b9595ac810b69f04a44a6176ca1be5f3c0a8e99ec4c9cfc081c84f6930878b742f720d9389dd41b6133640393525b23a628f745c64f63e86532639f9237c171633b12ecf980f91a31436b1c12c445326c2937b21893d18d08458b91850f62db10e091121d6487953cb91a8a203dc26d36f43675ee34c6470f22d56eb1f13b8f409306c2b6d703944c6a4b71f059bd85a24648490928c7452bee27b47bc68c6f236fb307dbfc19ff8573fb8e1d793a7f1a27ee38668a8ee89c0cd3e43802d44960df224dec6475f07bbf71c98da07e0af1e4cdabec4b65f311c347267581bd51b18d4ac0d5d91c69bd8bc93a7b8e48273225d1057612b88220f62240329a2245df45c468958c28beda499dc56964791607429e3aaa24433ca1bd8817c518e7d370e5224f8162f7db8175a489ac4dcc60768f916776fc9512ccf11d8df24f02d15a29e0ee06fa36c23cc18c412d7fa56e8f0fe8f82794648f82906c492516fb927250c953f968b28a2a6243868791e77d1f46d620c64c8c34a0c4b12923a1e53b216e8646b0874f133eeec6eab719c4c240b2e49a12bbb303b2263e628da099a911c8d564b49c242592df2498f9c547c04c47fcb0b3ad25cfe16ec570507b48f7bf628efdcf0abb1b7bbb3cd11ee47f51e0bd6476a06be3158a6678171fc84803e50af0097bfe48d2be532d23d8ca52fc33e4f0f82d7267c92c8c6c1ae052de8629b0d95b3121b6c1152d42e5094b3ce8876366a469d83e21165a25d874ce909bb04b61d53aa706744e8e92e99349c04ab81f9d4090dbd8845c105dac56aef24c6c488f865076f1a1278265840f2d9cad3b297c198278920973625c18888849980387811b992f2656611b937bb71142b1e48d097bb31b172e8563c45109a83e7d6b4892f48e54a162944f9543eb25e371ed0c6ec9539166e376cf725190c65387d097c28b5c45230645e2a6acb4430ee2272cf2107dcf21f63dc7933c8f23c8f2208ef4b263b1d41adc73dc549d3e341e36090381bac8bef10e70ab25c4095a6ee47be8771324b626ae93a4c4bb21b64b7d0e65b76d95fff0005184f92ba974880853b0e244adafaa08216fd3a285301e75cdb2b4802118e6d832d937819b689c35193f6463ec2b30819076d13d8d8de8c98d27b247a3d1a0c9138e4b07445e509d122ae0ae76268784b76215d21f08543f821228420b7647864354dbb98b4881048eb07b6917324b188dc637f245703d94c4cbe60f0b44bf3fa4bd118ccb5cf4569a29d8c33f12fc0ca9e4bd116ae1ab39355344d2128aceb40f26a09920c8101210884381a44387a2a87e0446f62493951b898992295c1a5b08d2f724d381ddde5b91f7dcbef1ab1a2052cba10b5dad8d00737448ede447191529dc88d9361909d2e376614a6c864c6c242b79067f5e2cb543c990e9be8838e60e940d35864a5bc38367a646293e3634c1d8a9139543f7920a1279d18c9e74db48d5287b9b4bb6704d0aa65d220b981e12adc541dcbfb730d65b8270d8c4434ce083fd99198f61bb965ac7630245e5f039163e208dbbf0d18ce9cb231096cbf5310f2cc1998446b2358f62e92ca635c1c88d3274f742260f6b4cf681694c2d440c63c7a76337a44d25e136c5d4b6e44a6bdc7ef848dba430e85977b2b2e84b1833416a41d931259629088b0371810f76431b9196625b8090b2faf474d56dfaa8464ca39b122189e8aac8d3b82149ba9d16988c8569c24346c350de4e3c06911364b7c4e1a4c92363f436489e9325ff48e5a96d9049c1d256069c524191b94d85a48adb8317b047c42a47f2319c8562e8b0f38422e48eb3a3085b9455fa0cbef3012f454fe8c8e739b9bfa1696425bb347b6a8c42e1f2366221ae4dfc99f29a3178e2135a8863246318a7d2b4b791914b65916c1c87d104776221522c3116d61930e24ab903c51f634495928aba7b084612566e69a45fd6702fec54bd0fd62f58c795d1f485eba39fd13221154c7b93ad496be47ec70c54640ad296c68818c7a4884b4924739f63de1c2392414879088182ca27658dddc21f0b7a1421d124e7ef4630cb41126cd1046edb15b190e172c5210925e867736a3e48b70857e863c0e2f02fd0cfe8b38ef434a4e689274abbf60a435c9176e8884b6e2c07abeb4650b477a411f390a6aa2474bac8ad362c923e57a131d894f73a86c9a33d0f41610e3629560b4f60136f9308876f4bc175ba8d16bb966c72861e85e9dd484f928fc2745a35df4766a249244dd40ee5e55bd0a7225b639b3618e6d384e98b63c0f497b320688b208d511ac6796ccc1b700f67cd92f934141123ca0370a85d6291305ab1268520aba42ded1505a24a91a637a7805c216124b6f57b99b1087ac8f1e0689fd5226f8d8f3ef1156526ce526b468e24d7a512493458a36164e44d1b310e4a8c8d92b9287e4a28ad249b92cca565e09d8f04975d8c793e149e1bfca462388639b02d845409690476822d1513a31b0f2b17a169878858d1693e97357c0d1927d80b0490fa63e6d1e271bf4a5380fec6af25878b5c87c0346c7497e0eb1f09d02e1220f88ea2c1a3883a8ad93f921be050e89a328ad8f7e0b021b0f085ce9195b6e08c29225aee78f90fa522f4d92cefe95b9c365bbc7d10730d70493ac8d058dd6b4703709ec4b8d97b32d2c6322304e927d3264cb5a47ce5064cc9b0c637d9451437bb2b411b21530373f08a3cbbd18aebc0852e8ea4b299d0e69321a1346db1236d1ba6725946eb75e9c86693b4707e657a5e52439f87d176dcb6adc26f815a958d2b1e5a424257a3b5321cc6345b0d1e51f4da357c3192efc05a48cfba1e40cea965bb91ec81aee1fd247108bb0a6ec73cbf9d34f7b91a69b326bb33c092bbcc8f9661f6ad30d0324410e0f02d361e576226d4548d485e874873b1fcb57ab24c40c7c22d199fcbead1e03eae967c68ab4bf95f83e906f8e0584f5a5122495c48363567de921d14fdc773c0939c9d9912a4499389113c98b37a4cf20629c3766c49813635179b25029e75084769b648d0b3e4100cee106c7a09fcac1f590f1defe9b078488af8537f43645ef185c365206d3218e797afd43ea0c6c7ee1691f61fe08a235380becc1a3d5d3f1a37c639cd6ac68f2c913c0f44890c87c116343a5bea6998519d1f0d84256e06366e5278249acdeacb1090f23424b6d49758e626307486c7c4cfd9ab2065cb1213d22aef2b4db547c0702bc398bd18b2566ecca0602f7d5f4058d47861f506c75d42c3f730d1be7699273f5d68df4639953a627a33ef88ba9a409ee1211c318bbd1987640e07e079122299be4525c2781211110a2d8de0805c23dca458b4394457284abe9567bc05a3d2a079f1965dbd3cae5c5b0e0ef54d6478774276448ccf92434bba114f30fa7ae23dd11448763258e6e11dc4843c79c37c41e5db1389248de90cc1051fa3da1044ca3424aba26c580d181904090fb13b1e83205590d9a7662c64fb08dc189cba21aa08514d815bba442dc420e0124c4d9bcb82fbd1a5d74349311c1930e56bbbc0f32e5bfc9f2e1120eedd85a31e3c2473944bd8daf1434be821f2f21234cc835cc86c74e21d566c46ee9343bb1f4c49f6466672f1a301b3e6cc7d2c92f0c92a3810ff410d9348e5a1ad371f8d0fbd39468766062d76261102993ab2a44cfd0ee08296b6b616dd0b6d874b72c77940890cca4a8b74c313a31dbf11226273dd136fc51222be0163b4f6c43693027a48f749e5a3c622f70c9db3e0f610878f28faed190f263644e2a9047b1040d639f7d1fd89091e02843237b948dc283dc91be60c52d1bd1a37c86c34f3a6347693245254b93720358a62916456bbc0917beb0d64a42c22dc6ec7059fc84ea82c699160b4f9d1d785093bca38bc891d3b06078c4a1192620f0c5a7d2249b75944f6cb9a2a395c970c4e54f3aae4d20a3b98686c956c3ed6642d03eab4671e231848cda5681944eb9944dc359f221d387fa05d532251212351045bb38106986a4cce9f822b1ec35175744d13f989a297c8c7f9054e51c9e12ce04ee7128724f298dde754511a41b8dd991c12763130e481919358b1a264e11b73391a5ae1a18c5c0ec7b2e0fbfa816aba8f5fa44c27bc2a31cfb1d636a06cf29233a2360b61fa16d2e473bd21b9c0130d181f5d68d9e7df50d17b15c26b18b12a3e726eb1541a173982d129a316c044b74b626ea3ae2c39cbf0121bc941f551ad6f102404323e8684d8d7e695236256d837c829fcd058f2940ca6f712a89e691f03f83a82e1f81d4fe34dc0675b3fa91e71afe47811656606f60e5a3a4f22db10dac592172e5c22a3b0a9a93f7c4e136fc906c9a808ab8e16ef7113332afce9f48a7128d262ac377b6aa9a871a3dc5f2e994edb3d3eb1f5d0d9d58a4469cf3212a970898628d9de36435261c190d70293130df792ece1d2915aab113c257677da27b938950db58034bb1b0b7097368296dd48978e929257559b3ef925e2854243ec31cbf62a423d2dd35b9163e34820408202fd879d09e507a2e4aad094626b91e6339621adb60890f0290e70687f8cbd301f7494f06108bde22d2ff00698d47d013b929123b964c24e109226ecac7ced1647343db73ba09457285cdf550e4a9bb408270a05c6ffa93a60fb26e9435679525c2d843fa92e0afb090b4f331e1cb93b8dbf07ca3230099683e9941e07b8b0c0449d1b16c1eeced16f08ee73b1f31de768b9cef23dd0e1c9de7e61b28e4683cf5484244c5312a1a44315602dc890420edcd928491a62e0f95e5164c4e5825061a93c1d453c2c7cefe3078100e5be18f47405f0c4bc3914965332649f2191889a7bb4d53c0337842483eb0641b846e48af44ec7599db2637da509aa57c47f8635ef990ff0037b034effb8d59978634aade1157512940e0e5265530857c3a5a95c03d8859f2133b88472f20a6d2a46e620b60de43d9472689ca3a86f63641ca10bf3125d24dc4858d6f0b4ccab312a3328e9064bb66067298b439a326932c922226e931da27665b40d8d35634b7a221176d30c4ba3e0169f083b95f69c3f7d5c27289babecf7703433a8ecb4cb3134c263ce8349653d8798d85624949bc3cfc492ae66a76f91fe4ec33e444a14f2344c47356f9f051431a5c54b209984a6437cd0704c88dd4c15f6137e158cd279b0d21818e9e545cbdc3529b873de96f4df06e40d1164688b23b3f31b949b2b19a6b323e48128c8f212a43149626f710b89375c8b0df248efb5a653047b8d48dba2699464503e243b3590da4edcac43a514487a53b9155aa1c431a5ff12303d3d613b9bd81394b48a8ccca95648831a1bb165718232af135cf634ddb113e5be03aaee63e011034c196495c364b606770c4fc7e4724d4fe49664b393961f271fc834a1cb1882bb350f2a6ad017b1738592089c5cb2d982bb999f8157f039893be14154a847bf93a55090354416301a1049990d58d85318fca7826fb4431f61611146446bde4d4b177a792687218d23a621352aa3dcfbf0272849a655a1289daa10c8a58086cf29108a7c412c1c973b093c858bc8b3869c8ac34e080c1585d292ab1b429bcf66cab383ece7ccb70ca5f1427d9114072a6761952f6144ac97484e85066d479a248635d2ec6878c7c19084cc41b030bec6590e4b10a6683b5f0770b95847be63ece6c7d070421271fb8a08abbb1b4974451d91c23192743dfa86bc699e23467f25107239255b910867e71290b710d58cd8971633849af06c85c59750ecbc68a81f674c8130d0fc1891133961b094c94f0f4631f08444ef23960b168d8ab225b643cae2c8e168aa0f81a28f94632bacb582012c68d0d5a878171401c8508143552976b62a76425b962c489dc22300fa4d1ab26b44e68e8910cda4b911090cd221bc096492c2ab92314124e5d144695f33e47524ae1b3c4730eb42eb04de8b63d82b93da4c40c91748d60c8b4cce96018a1e9bc11b1e08772d17d8be2c28a179b16aac448262eabf308666f0749de3d9666fbbe06c6ba4f64f917d001b51f30e283c08cb909556042434bd78d2697a488543d1ffde0cf338d0862ae42679aaa445694cb6e0b7907d3a14e31422dc7ec1d4b92354712a5d11792a34ee91dfbc0ba12816ed372c046b2291e2460b8a3b0f7c0a9288463f2c435ee8c20b3e462224513448090bc9ec243d1b2cf7223b58443c08dc70665fb6c4d11a3dcfb19091ed0c89c8ae6b36a84c64b94ee5286523736d083f28497070c206ec91eaa0d3cd02f4a13684c417672cdd3ec1a9597e02a0844be31851d556eec90af903d2f4b694930e9e06b714adfc0aa604d27b3825773123c25408b88d6d80848acbc8af1236db2256e0abb3a111908c548a4f2267721c8f2144f22de42230285262591241f012a116392d890d090b692b0cc7c7585b1f2738188e10f6854c232ec33b807d225cef586253822bd33fa5248ef5e9a23621610d2cbf1d181297c98d95db604acd656cedd410361c863ca402542a467d6899435f23d88112e0bb110429e3472c08b61a5c1726551f6c589f23c3b2442c9392acf72c92b598409106195a266cf2c24492509b5a936b9690d51c5076f44c88d9625e89ffcef516953640be59842e3f632e1b12b380f0206bfc5e0b10522444f91ee9126d093921c0ec6512a4690a3945276d1d08f2758b2196c84bc6916762c89440d19217036d8515b8690352fe04a7ba7c1c0a5b108849314494375052096514b5ca27300bd867b7ce1dffeb74999d18d5ec24fcc9f02445c1b14b3c2492372e80a208d2e4863135a3248fde1ff00d9205bc11e25e4a11ee895bbd849f28c487354d509516f22089697b46e432ca56e291e476dcb124e4ce0c58c8b627b3c89eccee60766fa18872ac630ad593a97226491924a1d761c08ae343e9be5082fd14377a493ac93ad7ad8aa3501bbff0023e6398ae5948bc7202ff69643932f93b85d913e4261354fe47ba7c8d1b87ff40c01d82cc84e1dcf92165f2773e4fccc7405d8667e4419242f3890a1cfe486ce2658f905ce1f30ee0b9824227de6abd989ca95ec461c41b54b2a84058987e8493a383efd83884bf913a5ecf5e47bf606d44ba437fec13ae29ee1a2592c3128a0decd11113f23f6fe3088af34590c4e70d35acfa18d4de80950849095df6a764332e5a97915c793364f1e48a21ce30bb216207901654c1e24f03932202e1291fef8d36156676f40c1e43cc3916c8c5f936204c3cabad2b44cdc99db4c2d675936b6c253534f824fde10c7ce92b7fc48e779098ba83b660a7e83ed7cc2ba174d3d91c25f2c7138434b01b9e25bb688a65011274f20e47f81124e9d07d510c43780fa0da1cfacb30c8dc3a2dbc03246c70c426dc0d4446f98682928f6715c68502499e0249110c815791a4f623a12212d3db412e8f61e26f963b97be99e7915e971f8218a87a37121a2e284b47144048f73e0baf95b895a79f0acc7826e1b6c6774e0db2db7db9d274b4e508ed1a769b45a1c49070ea787763f921fe22744fa93ee2516cd3e9c1f4c5d9f4d0e193d8524a68836cf527c3a776486acc8c419c0a537657965924d93d326c78981b2649dc37b190dd89a9c8c61f21247c0ef024921409228f6249189eac5a0b5e716b2ed8d6e16487b5be842ca9ec58a184d8cd81f086f70ce5c96ed9ee24927d18209f3fb4c29d51db2ad11738ba8e121fb95bc229ac12493a366d046ae42cafc8894f34fb23a379b4c4152f7231848420761e28940c9424a0b21344256f2caac899b19e8e6e4692754b93b937a204be0b3dd0855bbe48d7b49023df0d267e06ecb64f9fd6c2183fb1a4924e88da1646bbaf428844bc0d525a8e6433fe62de6377284fda430866c21a117d293a32219cd1b4092e07d19c98d87e0ba1c4f4c92230a188cef126e996815b5ae4509ab2c94990bc7722bd31225d083b254be10accb6588f895ff00e3b7820fb2fd37405cc5a00caa8dfc247a3d3262368342704c56d104c34dac0b921ee8624f8d4c932e477424a8506e29a209eff225efe4fcec5a7b22ce8568f26cbd1b0a76184b6d225b02d9e5b27479939c8671a63ff134fbcfb1e8794aca3228dcfa57a50d08dec88e6c9088950d1684a990edb0f9ad2df24af025dd1d42e033c1e04fe4c91984e524c6256226942ad1210a44344a5a9be0bbdbe59421896298bcd6cbf23586dff810d2befd40b4c73e4454c6fe50f698d904764c784b0f5b222c9ca110a49aa12ed820bb1a0dd8abd9092a0d26251b0d7c10209692d9b89ce0f03f218165c7930361c88e08158a13b646a1b5bb218bee74460634bbd29995641a2aa1a8fd7461858f4049bc17b5425a5225d15e974e9c6a929ece18412ce872d3e5a352c8d10446895110cbd3f309598d967722b1e3ca4d2322ce9ede220085e090a27476d10c6a07c726073a06bf4244fd4d477e88925a7285c93b7a145bf5aa1dd0daa18d2f5910f89c6f83722d36dc434fd835bf248e64715bf9395f223cfc857fd04b09634e688210f382111f993421962d425f42d9950c28820728b272da1d2c6f2c6dec7815a48fa19ba79110925f63de4f922e9e4e4109cf60d325bb1a4e5811658e04877923d0c4a7227d8815ec740c8d197f83ce8d6a7dcfd0a647ad0af70f098ab8bf647a77211c64816ab3df16b43d3e8b072e49dae03df645512ec0e81f9080a6ae45c62f6087c0d990942bfc147fc04c97d4c29090849343b101fcad941ab12ff9ba6a2a518640e84fc72436b52b9f4229b3c08760b8188cb904e085314efabdb73a469b690f8205d84a261c1b48fd2ca92ec9e34076fec3ff0088373a4d11701280927f884a98d3fb07f8025ff08897f8e41fc3a53f290874ebe49b54876c23d86fa2ac89a12f6371a216121c48c91c6d03a8b106450becc1c11c1c9825ab0e055da5c0eee44ea99f04922664947d61cebbe9171cebe951ec236210db3e0e97f88d6e9a96c29691b64727f025bdb44661722a5547864f6792b71b27b1c6e1f479095e68f72d864d40f73c0354b021ca3f28f02b68ca57d2b5658728270c16391e412b0ec59d331ac4b09eda884195ec0fb15ee7c90645794234e06825218844a798288431bc81e04095c92492489e8df18ff43186a84d5a2111b918f60f7635bc19071f26404e7621f28b66c4a0725924abe41e7b3c9161fcc68c60328d14869377f2267281c17f21467e657fbc6f2f9884cd43580480c0817e538912fb89420b42c4117a744725b440361ec23e2306331b8a59239135a2368370041049936d68ee848f721b7a3dc4d9626cb811aac879a6dd8de1e7313cd901f50d09b74233d097772245c7a361a1e444adcb210350f3253c98891891f237e4789abc083b3608ea604604c9b1b24b0e59827a6c3e090a2909e6ef45191c888223c0e42238722141db204f2262d8b8512c645f085aab0f47815e43724609a19c112047923c89711244cc24265b2c6887c06cc12cf71acd2123b112d17a3c090ef81087fa2b052b629847810d3b45b1a33d165685aa12ac0becb605b8644b63f33360a5197b1128f312b1a2233812128459312aa5810d0fcd2fa0a8259cead25a04bfdc4e9a46e724eba0c7ab9d20762f6189f235e94a6f720d086172a12ec492d57a60d92073209428d3ce2b4363d99420d11b91393260c11bec209d686b9a22e5180d68fccc6a56928c892c694ac819a0e8d639625584a84bc0e1708ba6c866db7c98935427a4974d0c7613dd0869d8892128906f0cc11f9f421ec246db32225c183d15c822055b102d20485aa52712f2277fc189b1b6b25d95b8139aae82ee7b08e5854dc1f430c11d0f91020d668a48e11d1674478231f90ea465d1f5b477912b3cb30b3dc202381aee2991d09e0b53b896053ce89244c4c39cc5f0692c50c47813d51a4906cb292fa7a6e2d13b0c619516e050c598c31228aa8ad1124c0d728336a3ab55c8d20d263e8b58725ebc50905c08116ab220cb889631a7024fcec6a0d3c1346bf1102ec8490a480f3a36155129dd979d3d05b3e25c985a6c6e3d2a344f89f713ac895a13109324924fae04b7176626e69a108f746884df6285b4158be458b457c8e4610d1244e607b4c6c10670e0695b8fdc66e02d275d89ce916c6c6324110323212e88f05724665899127427d99e51982dd1b1611225c14ec6cf427291bcb234435224d797bb15cdcbdcde46a2e58f47827b59193b3c0f8604f80b9091ee2627a244c5e9583ea8d4f406e4dbe47a3973891b779265be491324ec350ddba18c25610b59c4551d0c64b68d262490d2121a4dd64a5a927638627644907e7637ae86cdeea82390a46c4fd9062c9b6588c255b1470012b96ec6381a20dc929e09e3d1bc192f6253f234d6925c89f71290d993a2491324c8f06614923649249220392a1f9035e44af4a2ede10965bc9b4c3962b23408e5fb66289ac110262ac917a2446d02743a2170629c36ec41b2c0911e20a3e864a44b611bca0fb7385656243962793e4fd0d1ac166c829e3566f2d54094f34470c68c124d605d04a7612226c80134dc92492355b8d761bec367b8936738b102d2359370adf42f051cd96197cb10869647dfa12e18ff0028432e9aeb425a3ad1908ec842545b110b3e87fded8d9c1c0df8055ccdf84582a57ee08b65f2f492755245931b3b10d0c61a6b464961a8c90468989f44a7b16e484f0c4bb5a128e84c3202ea0e10d9f081890dda448998a4231e8c6897b15c2f421a941867ecd2905823456f2edbe8639410307927bc3c0bfce4abf8917fc0f62fe079685d8550dc441d58d88a49794c4578428842d10da0ff00a8f18efe017cb93ade50619ee3440d10c68434423a207eadb44612a90dad2e45d237a44b45ac93c2921be8637566278f02e1239c0a45486f937ac8cf070730236e1f64c98e189497040924825a3eba426a5a63a2296e56245bacb2f924da381896f70c92874851b4b039969d11639394e06a132f91310c5490d50c259a672931a20686862045b8d5eb1eac42c1d4968ad9cc25c097a305b625a754854122b9034b37fa298f284b809dc7d887946ba3161b9234ffda000c03010002000300000010309c5426e6ee41be2ae9b4c21fb9a3819d30678e6426ee77b1d47c3abfa9a22eddbf3de0ca9a902ce90c0930159feb4434417f04f6fd5f8d4f2dfb0ac7f020a14534d842d8ceb9cc6ca35cf1b3aff19cfd9c7a3cbd4d64898dad19e0e82613796e472ccc9160de41bea8a8b3e9c76d427e3da897dfa70201d10b73c656590b10ea0afe6f4f3a3c6204726dc1376e97a44f9e43010092920e0695f9baf58130f1a68c8eea03f762a8ce342dc88a0e18288e8ba9b89efbb4688d61cf57c1f0f33122f4fd3f8b2aa42c309ba68a022a3a8d789536e18d4cf170154b531a31449400e063dc89fae28283444cfb1bec80aaa627b8feaceb929d32cef1536ee0fb8c73b12503473e36e3ae9d0eb65b05820c7b16b2c6cb2ddf20b68741f2781cf281a91556f04d05d5fd287318743d7ffad091ec36454cbc11861ccc569403163c130451cff97d7273f6889682e230148309bfc5d33d850348a5af19d3b480c2787c480e6669aa4c23d0175090fe5e921d8a3ae5873f1da5d1c6c7648f299ebc0408d18fb1483edca61a610c21033b871bd821ec64a2ca71846debd6e24dfb9901274a53f347fed11a51cee9d4fd575d5386bc6fc921c858caa1e4cc59fe01d28585de04bd7c9cbedcfd3f7e77bf1ee27f1dd44333ef3c5261cab477298840e88543759e1ef7c72382f3a7846a4fe22d513d58f02b5ebcf819d5b489d4ee72d577089b82afcfdcbf678ca368dcabc28193321e093945a8e54605d26b73397f658a72c96cbb055a3983df4607f6d351e37fc550768d7259955071621b67806681f140633b5fff00fb3d6e7fff00ee1af99a5a880683b4ceda38bb9a93c6287cb56a9d412c8e18ee20a3f72688a52f6bab0571aa3310824d2e4e58876c8b4640b1d9857040e616489ee2bf35e732d67cf5f1ea1b2c715e5ceb067d55fd7f1c5686314c31d36de339be4a9fe8388cae8b6f7ff7d35dfd95aa11f328ac85af18873d13ca3c229995a3047e21cd7dff00ff007cfae1c2e8cba7c866f4e7649f0878cf303d9a2bc30e0ade11ff005958df2a0e565bcffa4908a3f992745430673af5fc7771b0c91b0ba4200fc7a968f477bfdca3013d6de051fe9cb03eb2a8b3993cbac246d6c94b40efaaa8788dcd7c57475471cd4052a2eedee4c3516053d8737d320a7421b75d2e36c6d5d403eac372e92498c75a39cc2fb96046e0b646c28c134643b870ddd10d4033917ca1b006454e6eebfec502d2afb75e950bccede93dec5d741e4f154dc1d15a2e782c50e758a1f850419babecc83ce59ab6342167fd761f0e38526cc4593a93d9def12d5fd7ebd7be1d6e002a0bbba94e04203d0a203e7e107e8a27827e307f77c7bd8be7be77c0dd73f080ffc4001f1100030003010101010101000000000000000111102131412051613071ffda0008010301013f10298dbc136ba137fa51450d5e8d6e8812bd2086d16f4afd13fd15fa57e95bf4afd16dec4b5868f451fd0a1bfd14fd19fa57e943175897ac7921628c7b671330fd1ce715327d12103564a1086a9559b66ef130d5140c8caf0f4ca1d6c34d33b3ad628f0bb0ef0d486583747b671579a978ca143106d7e96b834d1737e594d86389362a342d289dd88e84750c6a86cd147d2e10ba41b2fc2821b43da202d8f1308ee52d09ba3470e9a8a824236ca74e14d691d85f09d9b0a72c6b0e68227710d263de1a108514264354a2ae8528d47b5a147ac4e890d2642246be9a49704cc49e917db56364e8f11b0bb8f10842108420f685d52d385747ac5c10f11ba5707a87fe6eb65027363c5cdfad0d0218910957588907c19b7bc04b509fe53084a39337c38a65fc41a63562421b0951fe1a212a09111662610f5fe160c89907474d0f5f330bb1aaf1b87dc3dc1f4b6c81bf4441b8b105d36e0b0f132c7cc21a849cff00026a8f1cd3774fc58f470481dfabbc417c317304342d0f945bee1093108ca9878a1f46d7c39863cc43f847a3d63cf879851cf30f14b52486f704a20fa26b27ca3e0c4afc12de3c0b9849d3d1bd7c90f826c7f8682fefc224366f82ec9a111d43e21f332ab848528fa27e1e945d3185a5209610b0d6843efd22542425a7868ac4ce9e1343e0b65f0d58a2db10874d0b824342e8ec5f83ac56b62431a1c1138d147bcd3cc7107f841342e9e09e856f982565311a70511a7bc04e2131905c1116ca33d263509b31b1e471a824c51fd2518b48a68f04f458ec9336144082d41e827a3e0bc3503e05f49aa31316384c14eb03d1a68a343e9660b4268762382d8941b8e1e8f2452215856688c4b409dd1450f05a4f6391f914282f67441b49166f06b6748444210408688e0f062d0f62583d0bf82d0d1897d16b495b630f4543bc152485ac1a05ac43884698bd87110a10ed1546c5fdc2af1043a5a67985bca5b2183470685dd42aca882109059725b2c2c24afa209b1941ef6c7375783313213242226128b59c1216776244296d1c87f06ae9a3f80edcfa693ee6211e43c17a296608afe1fc7a1317c22ac3742519effa5a84cd94e29a21706a70d9595e1b15e0de148d894362d96d8c824f863fd068eb13343236c5c8c4d3da25c45879d10f858dfe1ff07fc1ff0003fe04dfe15fe1bfc1b891b3af96e1d58529ec486be0d6c6ef44ff00423f59d1be1ab544b153627d13c87a43caa16f0ca528f653a2fc3424de39b3eb208889144ca757e349d1cf0948fc1351761c83668526b0dc13bf0d0dbf8485e89742438ff0702e106cc5b13090d0db7150b451ef3561b2ef2b6e10c321b1f3e5221c47022902fc2c45747c122ff1704132c5197a410886202f025927b204d21aa1f05cc3fc131b0841925a2048882a17f44904102e108420884941a484b506edc0aa158d0afa3520486f5f093313624cd965b2111104924924604173e55704920e8d1a3acaed1fde041a35e902af45b0281213e1210b58265b445e9047e91fa47e91fa47e9040dc7f066cc4a731e057847a0978c4cd34282deac2436447fc378490df83d0adf18b4c3c485fa20d084a61dc1aa267f0325f49382be8910a587510a32d71d8898d5b7c1d7154621e57d2c41b161b26c6b630e2906dc610b0b65a83ec6cfec4b82adb1eda181b38e8f42e7f8848fa243037a219345218d32227f089f3167a87427a136c6a3504921b628d1521a853558b6b0ff0085c34241286e26b4704e09fe1d650935dc514529362ed342630d98d7a6d9ae84f833d98904235c1a6c48db6267cc93e0fa108a64f146d945cfa47987dc7b8617044417c1076718ffc4001f1101010100030101010101010000000000010011102131415161207130ffda0008010201013f10b16cfcb2fe2513a9f8961f2ebc47b37dc49d922958f2f63379f722f93f85f9163f2fe76a621ad0132c5e4b23e44a4f6fe37f0bf85f8afe5017f09f82f37ce0d8e167c471d608130ea4ccc9e2a1fd4705844c93b9f21cedfda3d103257c8627ec792e5d4c33fc8d9c9f06699f20ef2798128977151ee5f56383613b2226207dbc69842cfb19811c38517706938f63fda1ff005c03f9ff001964933c73b1b029623a220d6468470c896c1fe893f9427a5d49764fb1c220fb1e8977be75bb016ea4ec2ad2f33c26f00cb60eff00c755b3ed9aeb06cf5e47b6046c4f73188f53ad61199b6cea73eb85e01096bcc1ee13d7b6cc97c4eebd871847b6fe97f4b369b03f6fedc5fda2e19f8b30913edd2d1db0c636f43118763d5d52ed82cfb9da059659c0324df6f649fd8f8b2476335e0b4b6dfeca85fdbfead5dfecf20edbbc5eec34cb06edd943b7cba0f52fd8ccf05b001859ff008a69977849e30be7dbfeed832c4e27a2ed2751c68619b7de1e10ebbb32efb6cc12e76db71d6fc84c16f1b6ff00936dc660bc018dde3cbbb1ea598dbb772475dc3bc9e97cb82c769645b833f083a0878261eadde1c8e462db4db0bae1f6183b25dc7e4fad393b9d7f80fa6c70f67ea046dd8e9566b82fecafbb6f2dde7781da618db6dab5de3a6fb6c39fce4679c3385d419e19107a62f4db1d124196d3ff005dcb76793abed86ed8435b396cb6db6de4bd478dd4250a5b5d98785c8ede1bdff2f07b6f796ffa8524fcbfef0b9c75ab3ea5d727c11fb10316b5b0b323dff236c48d97a96cbe719dc1dc365e72fbb16165dbcb1de0c008c771b2aeaf1dc2b0b6d9bd708bef0cc5f7fc0b4bedb2cdf48670033784e2cff27d5f97cdbd16d48f0750afa5985d931ef0dbaf05d4b6f1b7b16ecf056f7b2c7651e97ae0f2db4c30d9b6596582ed9c84c847520d2c0d4736fb789b6106423e4b0b7ade047b87231f6dcc12e5f2ddcb33dcb788d9d5d0367791e33d58659a85d23898c4ce67997d96cfb26c74ce0703d9970c8fedeb61d6ef06751d9eaf578882576440ee42420e0d9e64eab0eaef316e6c4b5ba1b3627579e4a309e5d5bd498f763d97cb55916c49a19d187bf6f5d4f6c05bb19002c72e58b1c5d4b0c9d26c9e19c184aa263dd8a409b3da03648ffb27d8beec8ec1cea14d84ed630d3a771c56fa58edb4c59c77c649bc1e6e7c10ceb8bc7764d9d469d582577abc4ce0f60ba2502d975366979c1e64ebcd2d4c08ba43984f3a9745dd0edc3ecc79c23942363872d8eeeaf3823a619a23bf6cbbfdbbfd9778c02cdb10dafeda9d7bd9eaeed645ddeaea62c7fd0d6eddcb8d9465de7062ecf0fbb2ec70f5fe72dff392d32f212c3cf6463f4bfa7287003b7ec9745a9f2fe16adadb4c9177c11c37c4b7703842dbc024fe4fa3fc31ecc276f13fed96af0ce1e6f1fe1eaf1967d4c744ff00637adf022d87911011bae2c25fb932d29e41f249e9277907fa6385d041d5e2381e1c1b74583d7d9060965fd71d2c5ec3a659c1d6ede46c82c37a97c1b1e8cb8c2dddb767b9fcb2c875dc33213743281abd5bb93b3af9013249b62c58b1c97987ecc096ddfde1610f764c75dffe1ffb8419788e006c47f0983f6e925d2f3fc356de39721be58f0cfc9e99eeeb238ef8f3bb793c1907b124369fb35cf123f27f2bf9408fecfe6666700d8cbf64e5f6d4fb0bfb7fd5b32f54c27f0e0c8afc94fcb5f96ddf117a7106f19be47eacb85adb540744075749ece381937769ddd04385c5cfd9fa49deaede49b881b1b19185632363977282e9bf2b0b07cb1f6277ecb5896fa934c21dee7f2da6543b0eed2ebec7dedfe4bddbfb9696fd45c2449d7de1a87f78f4b7f21e5ae15dc5840426b2ed02b845e961ec226c1ed9d7703f2edb20a7dbab2eba95a6bb78b1f975c1a67a192b25f36d6eeef9eeee1d0ba62cba80d6dafcb73cb52d6c42bb8307f6d1eeecea70de9666051fc87aeec95eec0ee0ca110c9ea518e2d896bfe035c5f4ff0093ec4806b327c247e6ddd74234276b6ea4d1fdb67190f8dbcf8bd903b843ab3f0b6f7962f77e1c23ed1789907fc0f6e8b4bca7a6ef7deaddc9847e333a20676484219321fdbaf8c29afb05f25303b699b277b9fc4a41db07ac0bf901d58a777627b3fa9227bcb38206176bc6dda84075968dd3ecf7e0b3e2d9d7cb3645d2ff00b8c43e2f85af4b3f211b0f6f249d5b4f75f8169f2d483237cb1f2dd899c19be47bbe4fbb61ee27c93a840dba43fe7c47a700c99f2158424c791c30f027b40e3fffc4002810010002020202020203000301010000000100112131415161718191a1b110c1d1e1f0f12030ffda0008010100013f1095710016ba0db2ad688481dedfba888650e37fa33017979c08f730d8966e7ee0170ebff7817573630971e8b5fd72c4c053ff0078b75467ff007875a2ff00bf700d8cff00d731b752b97ff58d9c9b7fea89d474a3065ffb5ee2325563ff002413b5369b730cec7fd7b8b2d9d07fac43a9115780586f9ca05cc4af7cc1ad23859011ed6d0129a3d9ebc475e450fdbd44a8646e1428e9cc348e0fdb864da050db7a81cc57506b9734e8af134ab3cc8ec4865de75219806f859fd995cab9c751e94e5c5db088793fc10af14243f12b9c992c1f51a21d858c2ba59497cff5186ef814f0d6d2664dcc36a61bb7da70d1f283aebf28437bf0a2981dcaae52cc97827b831e1c83cfed1032c81b2f5ef2c71f3295d543ed11d1ed18f02647e628b6e0a97e6557de397fb110a4a60e205b50bcf84cff00c3cc231c637c0394ee158bc18d545c0aa343dc2985378f8cc7baadd7e200dc5dae59150b7c41064306b3005d9332e0b8e1db99ced5ca81ab236942fb7893111c5cc76d54b0191b3dccd68084b30ab7ceff00ec385691c0a72c26c1650327fc438d018bc3073603d42b790bba8cc288b662fdc34b28c22ffdb82772dd7c5130cac8958315d54a89557cb0c6acfb965aa97b5ba8885ebcc6a8f04b98d3074dcbc07e821886bbbb3e66342393e5798f0d6050391f31191c49440d37e61b27af4018fa82e1961a6c834e005c1d6a583358a4352854d8de1dc36111e999c0171282a040894cc8200616185f985bb77a8ce984d0e23a429811f70d14b60a15551041b652d5b3f31ab1eb19f4889ac74d2786346307d4cc617c1cc36d4006ed1e17984d3144eea0a5d21aa9ccd4e7accc98a316dbc40bcde5a73e6334bb17c10b8ae975d45567e8082b204d6955b8a94df981cb98c7414c32c26133dc0acd95542953bcd44722adfdc605dca2bce65672ce60872fbafc44663396016be2586e5bc8e8f12f9296c2612a105ae958752a6cc2ea0dc7493a3156736ddc19b490d92045bbf199cf1f8256b8a62c2d59be4c6dd0f12ab527ee192fe0cc138f89b131635528011b14d197a1dc19014bd33110a05d1ea5139ad93b6d98e129656883e31162a948b9f70b548b201c66039140f95c065ac42a0b41894404c902d54b62b35b866246ce32f712f6212967353921638207061e62bdd731e5825504a22be59435ccb0675b85585f64b9752b78e93c412a7242df09bde99309a3e690da28b7e25753292f531250374732fab6a45c5d926b61b6054b17ef025a1b4dbe99d115732360a8823135c4b445750582522c88c5ae2781885919ae254d8d9005e69940db04b81bd43e089fa2128680fee5554c1e68afc91765b57980d2a8a079200af188a2831347bb3e7fe91131a45bf500e7975f10af1b386565404cd5ca190ccbdddca9da1c83170d37acbb8f0ac2a3ac5b97e65680113ce6635540fe60088e1886682cf4937f72a0cd5cb06c4571028aa2eaccfc400932da84d7dc342e826f64b8a9c5cbab5a83d5b89d993c40a356c5a7f70bd92c1bcb3c889ad214441b63b96ed5c4702d1545fa98257689599d43916dea11755669d5c58ea05721f88f40b95682dfca450ad6114c3004c496008e85b43a9a996a40d543e8d7a8f39b1daae5c95fd48346aafcc77bdb15004cd66d9623074c5d140ce6094329e9986de25e81d1144c101330adc485b0b4c4a264bdb132a56d77551605d213dc10910ead5d8fa8ac56d2191e60377c712c3ee0518e2fb99c2c87d105b16b6878870fe2208360792ebf9352f138c824a6ae8a94391f302f49317e6562dc10582ef31133bc2e616218dae485b0f4988cb022804f16c4cbb1204f686e09e109451af410b8888f67c42b5bb4b60e1afc45d1a94de17ea5f8cc2a688e4567a82045c6910d46a50a55b2ff0012b4d65f736154ee36b310a9744403b448e1152158dad80d65452aadb58a38b8559b828d7f5cff0065f9f8b2c4b32d7344b28056810118345ded87ba3708916d8ea00f833e602d4250750154bea2c362be89925f2d66225414bb9c7f504856962af4763d4a09cd36b1fc2f128bb602b7a814e76d468a2b0b1ebf84652a545b2eef8982da3c4c92a29d7cb54ce62503fa11f9370bbfda61b3ba7fe508b8bd9e7c4b45b2d43528c16ce2fda472fc46d3d4152b66af30707cae20137bcb51ac6d3feee0d4338b038b9705555ba40264ac61973e9e4ec34f313a39350917c2f886c28e470b2dc8b73771152e2ccd93a8cf78f6ea5ca5d5d841b2a9e91044e7579f31cbb2950b4d63c4c8cbf1028cee29a449576cdcb1854a9665e25034c2da7e27030d71cce60e388d5b153316a23243ccad1bbea20a15b86816336631ea5f3a95152ffd8864b358eb04408de228b4ad1ea24f1aa97acca40962a7cd40098a1c12985a07a8728305622f0dcc7ca0f9dcb39c0c1e5988b37e7961c95719f716415aa9b95391599559098e654715334eeaa0f96fdc4bd1ccc3ee0797a8d99f844cc12ca98072799643b66de2161295e3883a69e5297e5d7a207049b4f421416d25a4b54138959e5987dc10c2520e2f5db069e4417c2f350e74e7186aff00c89996b95307aa8b19a4da110b4855092b6acff0837094179a265301cdc3651f32d4ce3dcc5e16ddb118a47cc44c9473599556b40a30cc2d74418077f532cb8d51b61a4098702a04df77d881997e0d41dc160a687865abc0ca61b764abdb502ba0a81011aa094a9d44690829b4b9894d4b6de616a7ee5469f132b0a22530b800e25359c7332c165e8af64284b975b56c250da89798f6e4335dacb34d90d39a373790c2f88ca66ae904e2e585cb7018c9d1f588aa48920788d470a971ae16fdca007076c7bda6c8dc3814497c4504c7cc4a339c5c430d32c382aa81cc140991c7b80aa0c8368b8c3c13090598d457f2a865a03a5bfb801046bde5f6cabab00c81820be038de44387d33ff000848b0cb6bfa22b74833973ed4a808d2ef7451a94c2955df43336ba1010e040deda29c961f39662be84538d8dc085805749800a7d4c727c2002d14f26e185e28ec43856d0f5142271c7d79946206428788162d60956c6948e3c4307c1ec9b9f1a7bcc713f58b1306fb861aa6fc4dedb22ce29021b25dd649a30259ce619ade60850e67892a955f517a28b45cf71a2a63a4b84ddbf564580c538971f2c10e7301471c109cd886678998f96014b128f44663245b3957a845c34218236dabcce02d4eee615c0f12a49b5b828a5ba8c26a9443b756cddc625357ddc168b8f317aa9a204b322c59d4253630c28d915d7564d2bcc2c04e1717c5c2bb3e42608c0f40941909cba3ef99780506b843b56a6aabf52ced475dca030fcb8809bbbf0c46f6f8628f0be2ea2e143ab977a05ec9a4a29d62596fc8912f43e989ff0022501453d19e7e7c5428739d0daa37c36f12c5e3be480645e7ee28d83e500a31916ca81f46864dfee1ab2fe3dc40c038ac07b22217567881b02bfca38352530a12a88c3404c6c9982e15c046738a983407b8d10a2c2ae59596c5a0030c41755f7a8bc6e51d0d0cb31b81c15841d9690fc90ad4e8dc114579221296141ee17662b6208d0736e6d6385f2c554ed6b1dc446155dabc424f02067ea9c6b711cf3db0428139d2e0b6669c5cb363537b87914ab5599cc5ea51b87c1697e254b28bad90ecd031042e6eedb07678260c2f81ae2ce2555a562b2b82c361a068f7fe410bb4d4e5f514b9b4adbf1d4a532b79814c5982e5aae33662dc31db9f986e5dcd0fcc36d1bc02ea543dd800ff0060bfbdce588599cfcc56c3ef7fb39e7caffd86aa2f52abe9c218ba8ee3fd208225d60d5fb26f4a7ce23b147e4820ba4ec3899300bb72bfd4b1e24ab1c7c1306716ab7f304651a74799b8984691fec9d2e3ce79f50b753583b80fce89c9dcac99873cc02a87dcbf5f9270bdf99a217ccf84f333ecf98918831b9893ef80ff00a4aec2d7b601e7f73e57cc2c0fcb1cc2cf71b327f32c3d2fcc1228a5ee076d44105fd02538a0c1af115098677aa960b9b1e6505231cdc1374637190084096c1d1e62669ab371122eeb72c56e62a2845d7b9c14b5e627641f29b46f00da0a32845a19523a6b35344cbc9cc296b15476adb0b229a438c6882359eedb7ee2d7026b0a70fc11ca1400d1f29656971e6e140a6d7e880e8fc973f4a8beb98024398010f005bffc73fcabd4dc56574456c6927424e188c8bfea23f6b5b607fb2a23b542b330cb5e2c628c0db66216d13c2aff000626c52c4035dd2aabcc44690bb36749110b601fea2140d01bb9662faa8553d4bcdbfb980fb18df49f994995fb865b67e65ab63e660dbee6dbfb44551f64bf6fb8b74fee28a2fe7311b163cc43cbf712f2fb9503cfef23e6e70c10a076af304cc545ee0344c957ee51c1da0acc074ea3e4c4502208aae4b88ad0b9dfa8eaee28bea5032e620b47918ba81c46ad88f53272351ec2296956f70ada042aa01558db0c03094cd63b8d3cdb6dc0028de4458f2cbb26e4583e63c2cbe9942db359a388c4680a50be3b8a0976853e584c61e2d868bfff0007528e9b262bb8308bc666ce23ed83998532c844bfbe657c8edddfbe2337258b03c3cccd115fd4f2c90bf219a02258806fa9625b7f578f72c2f6df66a06c592934c00698662a4c97bdc281fda6917f32cbd7dc546ac88e77ee2a992a0de4e7cc49584cf55f71e735f7070683dc545e3ee0bdfe6524d8bf92025656ff00c44e385d4e4aaddebe6312db6a9775d4cceaab566a5d2b063c2aeaa35c9b2b509d6b02d41b6bc08ca3345d4d2c85bf70b44d9d11a9583cc5b9e13713c95a98aea1e9a0071539326eab98279c6adc5f3f116c6642b997a0b5bcf07710b1b3b735d42e150260ff00880ae1b471f3d4630899160f44a844ac060580a980acdf9fe2e5cb65b2c9645ea64b78fe349dc4dafb87d0ca5eee3ac4b3371983a4a894a44672eecc402ced8663f81e0bbf2ee2f2ce058652191f7fc5536c6b2cc01384a4e92019cf9944ac418cc02a5fdc5b34be638b0cab3933076c934b4fa95b9cb0a692bd40b8b870952cde56046b06e98baaba9860e9ceff00cc6b1b6e8f881924e21b05cc288a08a8f510d59430219c4174c12f7e0fb57117520a92e52d5662d59bf69689d39816c372e711852ad0ede23e8290dc78867896ae56411877d7cc79b2afba3808e548572cb72141aa74602ea64c930dc1e7a85c02501411d0052e7acb2f6adf9d6288f1fc57f2077ffc1a84c739bfdc766fba98b3a66e5475936414ab25cc4bc3861001887500cf5646395104ac2661939ae7fe1111317758ea06de3707e0cbdbff00c86586b6fccbdc0b6d8cc5c34264f371b254be3089880a6b0c0e170cb2de50caa15394b5222b5100dff0c5d8abea27181fb61a2e3440b6b1c9324790c788b9f372a502f880e0504ca74216a374d7b4084e00144b9278b8a05500abf52959c4a974ac07b457984321694488a4cb2d0c83f2707a8a05bcbb7cc04514d7687a5dad9f50cec54ebfd33fedff000ce2843e5cfe25cec003e22dff0019ff00e383f925c758a2b6f339d9a6c9f93062607f03582e64166082d86dac917156bab990389785d84bb2aafdc65be5bd1daba829d0d26c982818e25e89a1cf89598186ece1969c2f03d447a2cd6ae70ace2e52f37101599ce2f2b97759fb85def10a3918adcb7944a598054276847e0a945be7c400e9c666a369d826a040c0d9f512adaa88eb46e351a6630c6661dfcd25f1d4b41c9dc29b0de2a2836c01f82300198c0b2504d65eb777e6034529a8d0e19aee394af6b7dc36b840a0ee251e8b4f3c1050d8d2f4e881e6e29788eade262b9f0d354404389898989898ff00e3ebf8227398b31d8bb86932f825c70a601e6508092f3b122b1d1967176bbae62a9617de723c91818074c7b798fd8ba4d241f83894cc801e57f9048ab0c574f33308f4c462882a2d34ea1d90c2c57d4c311466297dcbb32845070928236aa9763f85d6101d2a2da005547812b28d50e0f4886b495dc6586996c2cbcb1107142040e8a0ca3a17620b89636df551e30d0666232daf8844aa41185ff46540ae259ee322ac587ea16a979ab7c4785342e502ee19190ed9deb3d4704a774c57c71125acf9c1b3ee6cf7ff00c1c12c05b3531475ff00c710d93961b4a2af315db0fa472a6b9985dc0fe073006ec4aa8ed5493f91fc55c4b51726874c4e88c9b0f5152da14ce53f053218b2be23e78357d4cdf336aaa82ae0b3713a38991cc6c6f731b9860744a568bf52cee04e160cc22b3617dc14acb825a994b7dca3a2175ba1cc289eca8f2e278481fecc0902cc81bb588423db1a68d6017bb682e107a9d3545e205d608b25295e236d53d0e250b6aef70c245b81308e25009788b6437b6691ccfe21debbb27b56e1ea38dcb83641a74c509cde2c4e83fa8aefff0082acb945ca2262a5c1e061395965caa70c218666e303b1d6210232e786a64e21a27a9ba078723b85962f6822bd45d3dca8604c592aaa0f039262d12836c177062a5311ab72445b2d5c3046ee57c4570101c85c3352b9658315f888ef6a20f10e05727a8ccc8559c2c05614e264d45171a6ef61d113596c090802ea90294ddca8c5f52376a96ff9172e202af98070291aee684c12a87e7fe20b6fe9858972eafc43c2540136435fc611845e06bb55080d19ea8845ccdec98ea7441bcc2ad79a3f24565a287f1f7fc1b817fc9ab96dad98311710950abdcaa6ff008f06d85caa631aad93769167a8126716ecc2256ae5cb0e234b68ccc668b798082c062103e9097423d4ac7536e65c2f23b9637c44ca266503066733062a17928861a25056ec46798cd557579886d5b2f2c7904636a1ace6ea94d267dcb4a695535529918c9685a22cd17364429c4eeac5971376b32bda5de89c7ce60d4e56c2ff003128342e55e8ee2232972fea561bdff18e49e8fe0b8e8029e0cce3547537983706f5158a5b944e883f3114e6554e18698b29d7f0ff00386f2297d35093a214fe4b44a04522623ce727bcc05b70ea10f9451c23df60d43328801a954e94ae6264555d5ce9f30e90a48611cfe201d6b7af330b6a0c79561d40a8d426a23dc6bf32bb98a6b736aab855562e712d83b481ae2e156a9541f98c331750902cb1fe185d35153303a8807657ce26ac01ba8c92a5615096d7503a07dcab00cb7550625b6180cc8086a5aca83dc7e97b43ee1c02b6e723035f012e19d7f1751c0ea5032d3dbc4eff008961894c43cff1e12a7d8bf7060f5296c33c90e62623c47f8cdc417f6fd4a07e1fa8e88e886994ff00dac4baf35fb4725867ba9628025034c3aee6e4bce62873379964b22b5884309334cffc90800001a38202c5d2b30b0e70aab6c59d606ad966c8b80376547358af72c9bfccaffc27b4146120adb1a0c431d92c602e2f95489437418fcc727fe9085b91681745e3996502732d7393774b01f69098b7c9940aae8a8877b5d4758bbddc31cbee1b4559c2768ee397fb2c5d86a5674458f537176fe0b6cd32e208ec3e9ada832e752e2dcf98accc1e418f6738fe672429bcc17b84b5d47f95a2711cbf3051ebf44bcd4a010c662d7ff84ccba7f713b4fd512bd811f62c5139f8978afe44c433cb35a65aee70c0bb7c77e53d8a0dfc41478ac41ba24c3cff00e47dd07dcc226647ac572318519adcb6c8cab8c6a091c5049463f7884e53b962d5146c7bea58262ee91195c30254bb09b90bc31372983ea609dd15090a07645146cdacbe1777cc10e4231aa315e50858c9a56f19fe08dd02658e831e2d8d2fd964f295fcba8dc112c79cc36bee3bfe6a6270407a35158403427983865d718864b036a6e9e994bb32c575516f72d37323303b495f982b840fd4ba6d8e7d4e80dc47083f445096073f33307494c576335df3100987d84e0d2ef13821865df15103b99579a69fb898e054f88f241a1ada3c4a09773194aca03369ea01309abdca4d22a6eebe65f6258310c54dfc4159b3ee1312a9b7f112f8d03d431b955a7503ec08ab76bf33332c52b8cc571697f9618e35a6725a2750768b125d2daba8173f64b29bbdbc909443f6fe2945c1cf51abaa667dc54dc8d3ee3b61aa9a8b64b61dba941a9913ab84ea98b138afe2f13718170cdbe59453c50dbee19880d3d7f64626b90de7883b3f827b42cf7101b1a8171dbc84f9654b81503111a8104d9889290aab7788ee5b3faa1a0ebf44bba36753bf627adc1a2c42a6577f64565b3a9699c17ff7b12cbe377ea0a1b8080df043297979801876ee00dc78fcb3889ae5d45b5afab8f5cb7ee502d8f999f19798182210f5a5ca9a0fa8a40b5b2d7a3e4a14a2980a8b778f72d9d5dc78185459a3130031820354189805c3a8c8ef44bbe4c44a8d2afd399a5cd151d25639a4fc44be085f2dc40fcafdcc8dff002e0b75148b628f4e2625c9cda56b88ee198ee316f95abe2542d52fe66b8862e2b79099f7cfbcc30b08ea1a459f8895bc5fc41c4ce9ff001666caf7060a1d9fe52e51ad5f12bb1a1b3ee1dc3a9f8238a39c4c1784fd84b544c3a5abe372e15e12e66aae37db1346631cff00f9c7bacd4671b8cfc8077e25ac303c4685b3ee5aa35f312b93c971b964b002391fcb3c1f98d5b30770b925f7173c473941097e26a7bf6953ca41c5ff00532bd9f72959b1c414f4d03e599c62308987335ee1c15b96b72c3cd08f5922dc05e610c0001e27153dc52a1be0e1f752a572ace6c30abcefc7ff0016118632c699b37d9fc1dc3986a517e255fb05a70150c48d372e6613d44b9728e059652d4be7dc76c34c617cf5f8fea2c1877094b5192648df150e6e5d7b5fec9401700d40e6ce529e8234772a0b2081576ccd9bc1090ba0f98c306e325e37fe12f77ac56424ab64f88745a6a580012eec625ce6fe204aa879836d99a8a94b2c9b9c54d8e4c170715031b805dc8c4362efd3dc03326efb9799423876c60a1777a80c65404a7384a144b2683771d0393c101df31b85e010f6b7a43012e67293c203eac81842aacf8956394df641ce21a7f0ea32ee89f44b94a29be2e9fdc58f9fe2e6f51d3f8634e81b6ef3885677f2a398b0418d10e13f867ba17f9fe4efa9c15f2474379afea37d660dda638563378dff000c29b28fa65ef3161818f515f34413e5e22ee8cc7a6dd7f1168d6e35d413fdc6bada824c12f044958c732958d4814e8fe25ee1d7b2fea76dadc35abb81e11cad3357372c202a0222ede659ba5eae6e6300a6ebc40adfe224040bc0268229b442439351cd0b9d46add120f3731156085917b35025ad8e9bbc420162dcda0941cb88d2b3305c046e8afa390c1f10cea2c4b6986b0bacbf64b16ecfea541d879eaf105aa6b10d3fc2e69c5e22558d3afd30e551a879e264ad87ea1926bfe23873f333ee47fa8efd09fbc2b639f7ccb8391343c115bbae4f86614725ccab9a659847cc6482974138272304f53c2ee7cea59372d8ebfaa664e7f4417b36039e22ec24c26ca96a0eff0058b198ec974dff0010b894dc1d0c37848dbd431565fd9016a787c4bb9701768af889442a35ee50d52c69673e259142a3432c06e05d8df44a0b4b5885500ea2ad41106bc860af1f0358a029614843981a2ba6d2c6670a4c90a757e6185ba5950c9bdcc2814ba23fc8c883402ae14c897f4be587ad01e92dc8416979a86c05565e104b2cfd04569ba2e789b0d884604b5b5f4b0afee86fe3f9a82d657f5105e9719904578540d5fcd46605e0ee871166a50eee0ea36e16cbf8999b78ae9b6112c2b17552e06ed3f116e68d8fea94cd61fc60cb2bfe3663e5b85dd2fe234a5b35acee6410b95d0e60d12d2d49d5dbfa313c7187f7150dd767898dc0b0d7f9975c74ba2e84ba5d43b1cf98076602342028ce9bdcac51b43352fa9d5b988004344c59e865990af988dacb3c45d53c419306a551691069028dc31ecf307d92f7cb77eb3194b5f189b36f988500a7b82eea9249db0a06b310b0669b96b54841b0b11729d5ac0687c4b29cae562a4528abc455878c66381423ee16a9fe0496211506fe20a94d563ed95201cb1c8267237aec6a599b31fcafe998c94d9f598bbe1f87fe62a94195f26e375168ee22b99ab093f30141b3bc70b8dc30f8f94752eabf530c9b8fff0051897c8ffe1fc691a0e1fa88bc1518e6d00f8978d1441f330230f5d20e35012f35fc932d5662f82324568fab6253711870990e258f5c1f8b88582c7b0e9588636aff008b41dd7f71b2cc31d06c1ce098b7265c390599a4c2398e56b9e3f52969d464510996536d6c21699332e952a253ab80341196dea237a964810be27246cbe58851bb86883030d17972260a86f7d7fecb0bc6ea560afdccaa8511d930df57a97a9e4aeef9828d509b63bb69377e618a056fa8460cecf53b8b68c6b9b5f922a173751d9fe8e8fec8fb978b23b4e47fa6030afc04ab6bef54ddce71b5f153995e720b33dc16a66b31d2886d7adc3c14c9b0be3e20271cb5cf925edd14737cdcc8b236fd37a660068fd1fc6555b8b728a5a695ff008987982b152cbd5c785f6c8b12ab3642214ad91357043e33cd8ff26cb298745e7f17f7290aa01dc7d78e8e3b20bfc2198d5dcd31714029b7a894e2290d5188658dce48ce7ccaabcdbf3381bfb99115b0ef12bb0fb78942265ceab51caa2076b9f88c00bd97877073460caffc21abbb62cdf3e220c56e5147908f9331a237f1130cb7ee0db3186d8aa7983a46a6ee0216d41307a1601b775f136533c164b1a065caeb10f342f58c4338e38b535c6c04aa912ffb4ced392c7a80f3347d298a9c18c9dd887425c1f311d509eecd7ea08988344cdef9fe98870b8c190db0681e46b8e3528301acb7566e2710ee668d3f241cb2d1dc7dc6100412524f5b2f9f985c2b975aed1a85392e1370d4ab87b7c9055b80fd52e55f7b9b689468cd08c14e970d3c895608fe20500ffa44552c44ae1c9132ca59f897792b0f59b878ce12de2a7b98877903fec628ceaad1e46053872464ad40227793d1013b535da621e054efcbcc67388a12da1884d20bf3071a715cc6505307c401fda0b5c80e2e2d4077e0c26c0333917fa80dac30607a99ed30d9478b118e606b8b1e4fa4105fd30130a7a8a36103ff00042cd34c8894dc75242e15d3370228182d6389aff78516fac4139fa084c396aa302c952cbc8b05bf71a20addfb884dd42ccda9e77889534b952c74affa22b30dc21b5c4f23fe50476016e986594623d7abde7c31b8d6f35dc2280c451636a8ea3ac95fd4bb36750e5671310fe22bab4550d7b99a1bcc20ba112aade21a9f8efd932b3fec4a2134d0cbe2138aab7e58b4cc19238d321be5dc1948700688ae6703eb73ba4717d11adcadc6182333a0455de8880727882b5f2194ab8c801811dcade6effe6a285725b068f9c4320453e2e546d44068d5f887bc93f6b084169f5711552edf071159fdaa516d950402aa3c402a1c869f091ba1a8bc9dce2030c088ad71017433b82257329c8544db4522a63112638851a212afbc0142ea096a9643aa170cb65e6d788536f2cc6ef30ad77291631e636242f2f10f499b0a037925a0062b7c12bf4492fc6a2283feb12824523e371b4705a039a45bdf517ee5a008994b3310c4522983fa2ffa894b86fd9f9c4a639057685e25ddd6a8724fc11dc6d48b9a78638ad3d2ef111e66c3556fc4ec7f30822291c3e6388bc00f59c40656027d66106eb2fc91e537fd515b114eb6e3db9816a5060f89ba586aeedefea58c0a15dc1eaabc4c89d04981bc1ee94888401ee14f98135b355c430a06d648ea0369e182e084d3ba8c361474f9ff0089809a50f06a24a8cd97ee605d12f7b57078e60305681f98854e123b5fe1281423bf984be291e288d6db6cbe6199a45528887f78b15641a80ee0f9adf8823a166e2aea6d2927b6a71bee9a8ce14e676bc5e1560bbf11a9baa2e085765abdc45ce107cca38bd40a13370968c8f739ebcd4e3b5c0060f1500605fc4dd44bf52af05695b352d7cdfea674a16caed8afca475f3181e18fbcc416c21f70b76c97ef10a8b16fbf8856a0d87abe62b55ad42db8efb5f0c1295af9198099cbd3fd97e017e92b58c315b7e904722226a018ea2f2ac4d27d0c0fb8f0654d67880ce2857c406e4d3c1a650eaf28afbb67c4d70d331a523ed0d4a2b6b437a13735aaed5620e9d198f102650bde3467edc46cb35e5b70430a66cb1cf0cc90ae881eec41b345bc918f18b4194d4070c606eb6b041f409a8dff0079729f0457610a7b772b6ac60b877c1a7de884d5a9fed6506d243e6300abdd6e5903f51ff3111b0987b60ca85c12f02a5754789563ff00312bae26987f10a59cbdc7547438254c554b28558415b30171344cc9df51c6737ea2c075056565ea36ea5065c41565515134650f54c50dbc1461ac646efcc6f0563f750562513e46e19a339ee55c5ab13d6266c2a7ba750eec71d78947b95e7a94c6222835c3081b5d5165c5a698230cbe93cf98f1ee9635fa10aafea386f04291d288c132ef3a09fda25129d92aeeef26a3f00c4c9f319de2920ab35538078580f197f5404e047ea2e15692ab8a2ef058cfa95f85b4b8e4fc2a0ac597d0aa874d145e3c2120dc91b82020571995acbcd0722030c6200c89ee0c50a4b2514e5878bf710bc4cc68960fa00d1dbf39f821691002bcb3104aa188288cb9782215c8dded8080025ff72d27913d03112b3c39e2388e6e782733839b968e1656c5af32f3a661a28f881e5f24cb130e522456e5810d470f31adb8f117c6105bbef0c57899a69806175f52a16a9dc1018bb9c93ad4dc5b4906f3a2136c75dbb96acee2505ee6201dcaba3bb31e136f296388d8e2c3f116aa000d3d2d350cae10fb21b39f940b150e9445dddc4f54d201f9812a100dd75b8a290a4ab2c526a0d3d459573e702a64f261fdda44ff00d26be0ed5d6a622008a95ee1ed1ca33c8c3af2f97d440403277c53dc5083ce418b75a996daa8bea5e95b342c0e57fa85db461c0eb730ee5637888ace256a413988682f731f9b98066a4e24c5f8a5cd5be601f4d38732fb80ddb405a46b26a0cbc41add9717fd44848b14f421056431b195880ae68b845c984b583ccfc0574d712811d8d4c7bab525672e260d785e308b5fbe3f2f8e22d10fa86aa30bac22b4261d3102f515761f335297e62581218bab3b84a00c768b37819afca11ba687a98e55afe505aeaa02e6eb529db88c3aa10e0de08085a872c633dcc8df297c20fe521c3154f600727d4ae91025572ff9948e357189d9f9896542a2f484cc6aafc3dcceea2524eee1bfc2542afb8916fc4b3d4b85e0645d542050a1c55430cd3750abd502606379ce86588deac635fe48591b217e04a4d026264749d42a8fc20e4ffbb898be49d0d4a96b8e954f3f30f96f1e2d620d80c292ec262b1f7ea2e4e5e98ec972a2e0b8f4c508ca182dc54bf9bec1948566f50c24a5d46f511c6482554db02bf04b1ab2f3778952551f8230b4146562e4157806a60e7388408a6928ec9dc5c45ab4f04abce2f6fc450811715d6a2edb372d79925c68d4cdcd165062152788eb45fb88e6ebdccc40f996af78bb285f985948a3b603c2cbb83a210d56d570081db9b82d02a1cdf5b99022e66b2f25aa58158a1b86b22a115aa1ed8908acf10bd896362f940a7025a6323540ec8a019876b5046b1e7d4b174b4a19b821fb51584ba413d4760302e179808cd61a49979c47a5163721a6a664571fc4b8b73e5c243881ca7923f09039a8803577792e53761f69600e989bd17d40e60e2a1d6365798402814158a9492cc3a76772ac16b2aa60706831020246aa29b0acfb711ca68157d78802b5eae0952c0e46e39352509f02537a2bd4b8557a9680058b684c72fe0addcde3f4d704b0780a3b8e0f28768e596e5c100437f1395018e6ee067f31f2c40e8aa96ac542d0e511582159a54a1401b2510acba712840678965e3ef3128b08e4c907616a5036622b2431291280ab20f896002d45f5385d71e711010b32c61bee581c65cc2f0c621688f32bb734475bb61e0636d8544c13b853273e60239547aa34a8a51c21e7012e0274ebb1d9f1151b4c3508c258e791ee6339b44d3862d89f878bf0115a5810fa5ca2a3dde9176a521a7868c314d4c8862cad6bf7a4b4287444d4109050c101852826c56c765f886a7218cf7000802566e060bcb2a05397f8f685647861498cd4b0888d1d9126e5765aa552776b4ae1061c8ca16c799ee2c07b02df6cace453cbec3a0a8ce55e3d06637c52817f6800800c5cb8f7e2de4fb8ae83ab1d9a865b0b6c4df605a1d66bf72ec9844ec9443a301a8a0d16732cab2f334ec3e65cbe6364143bbb8a305a801ad74ceab1c40bc85e2a5351c72b3c2fd45582778f463c45446a01af1fc4a0c40cb887b15cc015856099cb6205ec4e7712fc4b378fb8d8b516001ca1e269f861121beef30d50acb50aebafa564e317a958ec793c87c454568d7eb7e60474d7fec12a0c2dc4c2ceb42d5dc560ae2865442c50716dce0e7c0cb69ad7613964f52cbe60bfe00c5f1085cc153882aa7339958854da6b560f60ca2994e8a415e32e225acdb28af9950f6b78181c58939ded96b80a5b9376c0801620df572e63a1b6ea14753ed5da83f11abc510e171049114157454b976a07e65417d18aa8501e8cff0072f1b30bc43a14a4b04aa66f5090bcd9a7c4f18bc54a2dfe5011b4ce232b2017585c3d2d739850bdb9cc3daaf71561f1cc41757570558a62ff00acdc37cb4a2031df53c046220363e2508ab39960557a8f85db2d435c4b74fb8806664c68dc4ac7e6260b949487b883648ab84b435881138cc1056a14378cc296a93f591f32cfd3404d8ee592c069c9c5d7c472d92562a613dc15abea191babf50e9ad9ad9308afe3d41a7f95c31fc934ff00035fc9d928eb3335fa97a5625575cce9c440a2bc4b1a6a9d0e595828ac5b3ccb99001be5e6588b2f330955de3ece20ce0f253b656962fe7feb0135207c41be28f841b023b214595318e62185523e49055305d233492900141014d32dc352007b8c2cc8e483e0449aabf98ae1a0fdf16d6ec9f736a3b2bc4baaa503f882ec4325c445a1e50565d164c0d1896e3714b4d4c529f9a826d15f1044cc00bc4a51595bf12be423ba977b4071ea10746984e961fac835d946c96d813d9bc3d31dc2ebbbad32abab561fce93a9cbfcdfff008bff00cdde23b0e23cc4b79f89879a264397f32d7a81eca389617a51e86bf530afa8b41b9f26e6b6edb81b986f9e7f133202732e64d8f1305d15e581cbe970f4b5773119c055b89929cafb96694906943d2e709120c2f56a5e231de6a1929785c53422fb86e8d82bab83498e440b5a314c1833bea001447cb890b22b61d194e4d71443502bba83155cf500b1a770700d78801a179603243ea200d2eb51d54a4d77a9947b5d72bb21a33663c79947e7b1bec94203873d87c6e019a4be57fc816d0db78954e2113ffa33fcd78fbfe79d4cf133d3ff00dd0b60fd4e5a2e214931200cb5b84c9629ea9c5fcc25c002eb0a89552895bb8c03a05f997836571a801189057984355d656a17437351d24a512e2c5a657022417c14098e55742561e02839862b736062259af93986ca8a73f10479e7765e66afa62ba53cc50c33919a31664d74576c6e95e1a8a40a60d45656972cad2ef985c682b72c990634c466c5ca7fea05434f736c87e61973885c84f98f9c546125acde0aeccc71e68a9a4e215e7dc3d4aa0c189489dc4764c3b8b4aff5a387d98946b4ea1e943a819dcafe2e2c5a22845eacf316696efc4fb1a8fb851a971c98f706cb97e67b3f50ecb2ce183056984e7f8b4e6e5ed8737085b871d4c6c151bae25774c41cecdf57168e8defb99d94daf7fe4a87e83700583346552ee4ea962d4c5adcad03cd960ee9fdb286cf194400b7da056a9ed659e0aed2dd83cac14fee6773add2c53639db04ff0074a8dfdda2dfea8e832305eb2dc7398cb70b6dde462230a1297aa95fd4c396472c5a5fd90c19bb87fd8c41697707b1aef980015b7bd47242c544840f2d197da940b876dc65c4ae0a77e5215afe501f0c77c196bc23e6554f50d30c929586d948a7711c2d300f5b4470b8e0303048e6a88ab0f796b11aa5e2ff00b8e34c70204d991d23f5341ab02d7aaf31de10d015884179ac15e371c1da3378dc74dcfb8402de0e107073aa0ca5ec045accb253b8b2c671094452c1881d73389881affba8e496bc8e10f2c1120b356ab75d469fb5b96db0b797e254c098cdcd385ce798324fbe64bcaccbb45dae61a4e7304f945b0bb7c58ca98a3bb811bdee1589421b27516173a2cb7e65fa53d91f3ffe92837b5474642bf32f78d52c4ca9ea16cb372fa34c15c434dd24ba6bea2898962114322de23ab2b615826309b8005c01a1ac6e651aa339f18775ac5593047ad8abe352c68c6b6632bd2053316d729ca9ee354a6eb258884e99ff0088cb0e84beea28843dff00700a35e1411bad5c995617450d6a3a167c90c583d988b289dd8d95e664e055d4cbbf897529b5f319e7cb1f1331587f5416c40826f337b0af2451d0f588e5ab760957f2c1ac90aa2650bee7055abab148d82cd8da0259b55b302b33137f308b4d685bcf506eeaa3c334b2f64a4afa0f714e5ab38846e12f7c449e6e00e133a6100455a84dd52cb716758859705ecc43938ed89e45d468a004e1976cd410630ee5b6d851e2156bca64b0bf0b02b498e908b40f2a14c0728b7759658d15d2005711d8d1ed853d2993578829bcce2e65d677f12d680fb993253186c310e831ddc154d54150777c5c3edaca32eeba88b4996ad1e932f63ca9e28db1b6304b9e43451299f325adf72e80c07b83a0b3e5986f8816d0f6cdb7db375f6c6dc172906fc5c54c7654c5c293559fe1fa00fe486a072bf88bbcaa401a332ceea7b116ab31072304e5ccc6331622b2fd2a053c9753ea29a5db460a0572c8ba551342729e61a0cf2ad1ea325f7a6d881bdd08ee3e85674cb3ad7317056798ed46a3ed9b719a989495e20d2abeaa0af55f88d41aef118763c421e2bd4ae0a7aa85059bee7286a054ec89ad2bd4c984a952fdd39975d50d7a41b50618b06e1e0d4b9308bb9601a404cf37988d732ddb2a3231453798610fea05a0710319276599b9544abf10f9a25af5182b29ad1f312b70681f31694c72b31d5435c05c69315d4b6b58ed86581789ddddea6c8bee5bb1f31571de6655546fbb65a98fcce5845c1375fe40b2e980951123d4cb627cc322ff00702d650f94b512ff00882329ee6c157866641df130879932f132c3cf31c6884a0526cdc046d4bce9987be4cc0a780531aee8f9228683f310148a81ad61963f40620a56bcc2b8fcc1717303402cd1406505c87ba98787ea680dfa8dcc7ea20a217173a8c81b38f9b9b8ab44ded6355070b216e8af94a8c1a1045862347589b752ea559b37a94ba0f10b42aee034c051422c057883a260a1b6a5ad77ab4ea2557edca6b490eaa9ed67bfd259d4b9f71d7f172cee150db72fafe470f98e4e710943ba7e26b630bf735a20af1d7f0f425b7a95e57c2283037426a00cf6956879335a7a08eac4ee12149f0c739b7a94f437dc03a9e180f0cc605e56786144e40eaea099235086b46e603ecc44c3a7e6732df30b974ea0bb1ccba551b7b892f6b350b9a6513503477e065e957dca28153577fc68026ff44b92e46bccb587473314a02ae2b01310b0c5c2a26c21534d4366f133771c8c336375048a09c2ef9b264c0b0a70fd1af2cc402fcb02eaa895ada81895d57c435ffe09728952b7702bf8d10e26c5ac547999a5070519fdd345431fc25d56f826b34daed952ad0dae60d767298026ec1d71fc2cc36662c666c0bc460583cc40181da411dbba65c63683d4cc4107647162c8817922f992a57e6cb9456e25f413505fb9746cb8838975690e505f1314a28f31058e7a6a5652efb8a7b812ab2bfb25ac77fecb4f4c4d41f72d7d220ab99123874c11aaba6094950da55a32c038775332d5a1c56d61501f2739f134e15d6260e7721214e93ad2f4d751bb70ff00fb3a9c10bef1d4b7374bf51d62e7fb8ecfe54eab2cb270c6a806aa30cb7068a351b62b5a94b996e63862e3f8e2653a6cb47a9831b16d79890538be22d2f8b8c058c020a81d4617909c43d31105512292c289668e220dda0682b955a61181863b61d768e32407fe20562abfba669a5cc240d84b2d2963aaeda45d2b11cfcc00c9150e21b44a98f98552c01920a3802dcb700b0dc12f1640dae11707dca630367435073a79764af3ff00efa42b46c9c46ee97edfe4dc5a2686253748dfa87da83cc1557d704b8081bbdc2432549c8cb8a0714cea08112b1fc1a0e5a828796c808186b729a860150045b496f72a0280ee10046de6505972c2ac7a990420d03f28d2956bcdc2c01af30fb7cc22d451754f080ac29fb7128d711d8b58b8286b2fe259ade21721025de51880400ba55872b1fa82d11ee2b7070f5049ce5e4e2148f4311b09e3c475684ff413928a23982e07b207490add4b9f886dff00f4671348d5dc7f4944343fe6a2942dea00373d3b603ce34b960781e261bc42aec9be3ee07889cf51a01105e63965665119532ad30aabe88ba359b82c98a8e00410d46e19c9d4b9636f8948f18ee29da66285a4b886ec2ce62d1a057b26cc1f5156b07aa980883d46a223f111156301a8f3c7388d898345a5d753a43d25429a099fb82557688962cf998624cf0b9d54242b41476f985e92374cc370f1592554e7b95805a8a2d024136b50c47114391be233a36f82c15bedc9c0ca1fe1cfff004c59fc6638fe35326e0fea602e328a45cc3c201223e25bfed9498fbe682492f079857855030b0fc409fd13455f7511a2aed6730cacc9ed0ca464cb0ca7ea021b5472402d886cd01564ad804a0bb140b8c196a12095d5b0528290eeef1019a5f680032c52522ead9a460d95021745c2aba201e8851a60d0e470a5a1e183c4ba8b01a8d638f294bcb2798f0535c9320a5c32d1ee0765650b53a22fa1ad0ca9c4c0e8b6300d398a26b548e12f290f0884fab0a9be3d4212b9e02b40dd9118d941829d6e1b02b39e711c36b97222b01071515fce5d409ae677f4109720f985ac67e678efa7705cc87294e122a94c2bc462283a60abbce25ebf823a21a8b98d5e65050c01a3f93134e2730aa81e40c8e58564a02ded1a549e2e6fddd5ca4214772e73fb9c9fb22da5ee34190f99552bcee2085f8abb8de2d7b88705f73103b74cc87a4116594eea3a1f44a77f5c22af2de58e089a04ec416ae39025a1bef6d6e24b6cf0916327c08bbc4d6a0d6b48aa96ce648fe4402c419d680c4202bae8c4b3346cb307a85ac55cc18db3c224bc04b534c7a454f823404129290bf0f53a7bd458d0e68d440a5ba47d912c86371218c30d40272750d807c4cfb13a226ac1ec96aadf24c8353d4cc59aa157e6a1745ee36abe0868c5d8605d59553a1033998d196de0fc4b1b1334d37156820cb8d41686ec1112c1aeebf81b8a4b2b007a9793a3712a12bcb6ea50d53e84b45cef089a0018a26f7a94343c3632eeb889de472426367a8a5df5c30187a6b1144223cc652ae357011499db7817fa5146d5fac4dbfd4157ec13afbcb0cd1ee70b5b440ad3b7171309490ad52739ce60506fed858a88e628642d7884aab15e35db01adaeab304456ead96a97112984c6c96a092e77c442192e83371e27b302021ac3cca8bcddb62e1c1fd160a413c31bd823b8327ed38940b0e788db88d72c01e660a97439f840732955326f116c5d63b956dcc58ef63f71012d2a9ae207487ee05c7d302ba3f8862e0f13fe072b307e226a5ee014a2cbc309738bccf52d381d67d914326cde150670c4bd5e22df31b7dba8417a01445b2807a60a9c6fdc1534bf70c6ff006854641f7108093d306407ab9a5b2fdc5c34576441616d403252bdcac197bb25343ad9169aa0fb81d59d9735969d2e65fbfba7eccf24cc6a135c446e3b0770a6d5997963c8c1c7f24301e46655a66f70216d0798a2d5023543bb82ca8bccda1700ea21f12a6040339cc28ac95c288141655addcf106f77ccb32cd69d798a550b8712b551f50b52b40cbd2d5dcce25e6a2dbb2a30bbe5014930daae21666fea64ab07a9574c70d111a37e2185d53036d7dc1c82b2a1ff00bcc12ec3fb0803425401bc7b624f9663fabea5841ce751fa4c352543ed5dd352eac9d5b29b0cbe23deabee16da1ea69b401a0a98bc1e181af8dd7280a5ceb82e2a8d107cccc15f72b69af57008d1ed9674c8b803e6028a186a357c60c86e216292a15b03d88d776fb8c571fb8e328be605fef0399de73671c40ad78621e138e668dbaea226f70f01ee192d271412ac469e604e5281554f1365a02220a1faa0ece0ecea0b02e3788c004590dcaf26c618651b1490d409a5ef2607a8a068f111de6396d952963b3881569dd04ad58e60d76826d72ee51b4a805e14f98585589c865d19c865f090695bf306920142188fe407899e5fb673b3e4c4178f88232af10380b85759076403ee5e167e633829ea06568fe0239a4a42b105974fc7cca22347a9a1b7bea641b21453b4b375aa89ca6221b0e6282b27a465d5be208a10494fae6204a318945c2a28a975ee24b0e7cc0016afb9614c02c37237a889052565877950e00ef80433ca19e4a96871749431500ecf99885cd2e523144a45a9e30789519cb0584b0a6b7953788dcb8a8e3d41f6bbec8b91646761ac3c92e071b7ca41f737705e1c4514c3e626fd810786180b0c1ec3e60b5637f72dba7e202dd331af104210a95745e583b8b778624f65f896452c074af99682a8505abe25628e4978a7ca0782afa806cbcca7f0c088f48950f299b2bd4a1b65657f68b404b5bfa82a509ddc3c6547741281cb7a822acab8614616d914c18880cf313286bb45a82ce3b442ae1d4b3028bcc5950c7371e904361bf14ccf697e0ca6e0e4b4c4be6c10392f2fa052cc3496cb9403c2e3bb96ca85771a83260ada4a160d2a6d80b897698335dc1e00e4cabe62d276117131a2e5e65c5af11c034ea9ccc203c40094499a2d97a65c7f50c70371ca105261c44b803dca6523b8b5980e9828619cb171881f0c5f112b9c6e2f9cb023438e632e640fa7c9865054017c4dc1588ffec0fe3af304a067c77291c9daf5081c0ecc400060e2382e6870d8386234560e62066dcc5eb26600106fa8505a93b80e5a40551a8a2d6d0dd5457693dca45462b5735d050161c4c88d56ed671aee00367d45425486377b95e4171136b5b99c94ea625d95e6519b98650eb39f9943913f3009a5f672f5049818a22ac69734154140a11fa8a8da5c45e5b25b2433066a59b97af328289f511564bf210d078696aa55434d545126d0ea3284fc18e65637324d959eee20c08fbfe02ee17f31c7fa4b80d5848ea04c26d182c788e772bc150672cab63fc0d96b128e0206d88a81bf05cc4089a794196abd42765f94a41b0f7068ddcba2eae26b98054ad55807b8dc4c526b2995f20985dd5b56352a0ac025cb73f780c9ce6b81f71d340ea5c1107e2633610c2c5f99ccdf5b83d65989e099221f72dd11157393ee2ad0416ce4c5405cae462016a398295b4ece38805644883a20c0c3c9f12a481d3bf70cb9554059b65c34c7312daa9c12ba804474c788d9c29c4b0c651d7d40852c03a655937000e46f7ccb3095a19402177501d543b1cc0d51ea9a221529d4a7a885c419512e0215653007a646e9ba4afb961ea06d36fe3777d116b7ca9bc13318010866d29f632aaca8a0fa856d2d9967a88bc73cc28b597cb1f30ac0a8323c3d995308b8b80ce1d902886aa5d118293c8be196eab1081b316581f897b92d628a2bc4b339087d34bb980b91846a256cc55dc29a1570019095ae3ff68422d15326e13f12fb29a8496e210550c071c90b6ba6571bd165160233ccbdc1e00a8f04891a197a95016e8cabc10dcb607659e60a298ec837329a8942557b944c0ddff88a217d93f508a175865856609d43a3920fb8d997358f52c5cddff35364078850b5cf886eae40de48560b0dc6606db71898b88b984a8715080001c54750553df986a36f54c4c9b6c99cdc0a0b1c87883323a599483cb2d2b1e08c31bdd44d123cac71b2d182e043164ad2e6203c456134831be3a9592d67f128d6c950dd4c4b8fb80d0bf510d131296013ab88ace4bd410816808eb1921b1c0ca19b7c30b3ab4fdd071980ea07012dfb8d98a4c66c890cb760e67fec81c84106042e990bb61669af51125acc4b739af51e03aaee0f10c211955fda577f3150cd5f70655b65a7437d4c14ea15c02b8e6505ddfd239935e630fea474aa7894b865bc8429a45f52a6d89787116732c97fce16e4985d9c7f516297efc1cb1d0aaa5bee56f72cb311b13430baa4e88de56b0df2e58148b53c235743dc7de5f71f0f7e23f6dcc02a880315fc198509cb5f98681d88c56ec2a3a501277dc52ef710f370c2e96086001bb942e2ee54379940e5ce20a37881a748ecea53b6557d9fba7760fcca18c56aa5549473f10a5f2f132745406ad50193c9840885b1b84ac910b36c04b63afcac5f880df2ef25c6b9b88730d905cda52a918c55c55f11f3283c93662392a1c8554032a2da40e19c45342771c409623db09926b88ddac1b43f304f30c21accd9861945a23d4a06b0fd4bff00ead4521ea0a25cd2613de242d6baccca2dbee3d065cdaa38184dd8f138c2fba8035d10ae21b86a6f2b6adcdc6032d8e6fd46a5cbc7bf8802c15ac275151ddbbc7a18f22bf6b8e41c3321500ab6ba970e194f3b98758859b20eea28e52ca800cc288d70853f29482a8372968b0da4302a035ea5d683b627fd1ef5b0ee796f07823308d8c86175b6d197e211b2bdbdac41718959dcab180214d273f3106db637d19ee558b9ec4b177f1fc1c4ad74b9dcaab0ccabcc436673cc07494fe22f42c7aaa8655ccb0d8c1f4afdcd5797889a327b80980c3bc6a43b3c7ea664374afa943c29bf887d22b631c6dc4d846a058e71a3c93259135a5c569689a0659216ee60df71de1865a9ed029b978d402157019660b05694caca945bbd9ff1000f51703084223dc4058d9c82c4bef7fec8150b4ab880acc05bce6345440cb05432c2b4dc5bf642a858465b664b34cb90c4f5f215341803e51055d5695539ab8045d10a48e6a6ff00c118c14bb4b5860614dca41c092d8a8b91334df29c8441444f0c0d5551017599d327e62db5700f98374a7a48eb0f98e114edd45eb881bcbf33b07e6a1bdf562b70a96afed20902a6903dca2b6fda5bb1c7b96cb1bac4c2d4963334979cec659a2705441b71d4556eed82583ee563403002ed0e2a1030540a530c626f7f705d2e2a082af334cb9f5166b35ee54829cf4448a5e96c35471ef51ed0ac67106cabc220d65796110ab1b25eacf1730e1b6a515e6f797c4007df15ea0f364e027e25830ae1644026dc59fa8db5b38c3c40c08718ce53dab81cd18a022e34a1a5516123d3f889dd2f0f1ea19841ce821801374cae25de330504c3e3a97d3812c369a46202feb50c817bc2130791dc15fc5cdcc6485b477050c569e8e1a895647099c688dcd3f112e995943fb8a1a6cbe6072750fca026e257ff00014ab31b4b63abf71dfb227a3599784d4cf50e6e586407010de197cca0165d13a704ac626d39831c388790f300e5f840405752fb75d1729cb338bdc377bb4620f69cd51854795979e62e28968ddb2dd929421f79942470114466cf0c1aad390af9b859d70afe127912344b85200f0371512e4d20241ba0ba5b0655bf6ff6362185c64387cd5cc6d8c70608425f71dcbb27bb0ae67c1e65b532969bbd41f6066cc6678f706a63c730d9054522571117e028ed1a1d10234584c2120eb516cefb85aaee646655666cfe016c4a60f112c84e6f64c874c5b1886a1c5a81b5704030b947302883028f645a15a836aeab18216f7ee51a3172c61078cc103236de596821ded882d3cb28e23820d11b60d398ea5b32bb8829f5e265167873152a26e982a07300dd044d542ddbd41e711d1a68188552015a9fffd9, 'Admin', 'e3afed0047b08059d0fada10f400c1e5');
INSERT INTO `professores` (`id_prof`, `name_prof`, `pic_prof`, `email_prof`, `pass_prof`) VALUES
(2, 'Matheus Fuzari', NULL, 'matheus.fuzari004@gmail.com', '202cb962ac59075b964b07152d234b70'),
(3, 'Henrique', NULL, 'henriqueolivierabalieiro@hotmail.com', '202cb962ac59075b964b07152d234b70'),
(4, 'Rafael', NULL, 'rafaelvitordossantos123@gmail.com', '16fe3ea99f7422bbf8ab41c9ea1338d2');

-- --------------------------------------------------------

--
-- Estrutura da tabela `prof_turma`
--

DROP TABLE IF EXISTS `prof_turma`;
CREATE TABLE IF NOT EXISTS `prof_turma` (
  `id_pro_tur` bigint NOT NULL AUTO_INCREMENT,
  `id_prof_fk` bigint NOT NULL,
  `id_turma_fk` bigint NOT NULL,
  PRIMARY KEY (`id_pro_tur`),
  KEY `id_prof_fk` (`id_prof_fk`),
  KEY `id_turma_fk` (`id_turma_fk`)
) ENGINE=MyISAM AUTO_INCREMENT=6 DEFAULT CHARSET=latin1 COLLATE=latin1_bin;

--
-- Extraindo dados da tabela `prof_turma`
--

INSERT INTO `prof_turma` (`id_pro_tur`, `id_prof_fk`, `id_turma_fk`) VALUES
(1, 1, 1),
(2, 1, 2),
(3, 1, 2),
(4, 2, 1),
(5, 6, 1);

-- --------------------------------------------------------

--
-- Estrutura da tabela `reservas`
--

DROP TABLE IF EXISTS `reservas`;
CREATE TABLE IF NOT EXISTS `reservas` (
  `id_reserva` bigint NOT NULL AUTO_INCREMENT,
  `type_reserva` int NOT NULL,
  `date_reserva` date NOT NULL,
  `time_reserva_init` datetime NOT NULL,
  `time_reserva_end` datetime NOT NULL,
  `id_sala_fk` bigint NOT NULL,
  `id_prof_turma_fk` bigint NOT NULL,
  `reserva_canela` int DEFAULT NULL,
  PRIMARY KEY (`id_reserva`),
  KEY `id_sala_fk` (`id_sala_fk`),
  KEY `id_prof_turma_fk` (`id_prof_turma_fk`)
) ENGINE=MyISAM AUTO_INCREMENT=32 DEFAULT CHARSET=latin1 COLLATE=latin1_bin;

--
-- Extraindo dados da tabela `reservas`
--

INSERT INTO `reservas` (`id_reserva`, `type_reserva`, `date_reserva`, `time_reserva_init`, `time_reserva_end`, `id_sala_fk`, `id_prof_turma_fk`, `reserva_canela`) VALUES
(1, 0, '2023-03-02', '2023-04-03 22:02:00', '2023-04-03 22:02:00', 1, 2, NULL),
(2, 1, '2023-04-10', '2023-04-10 08:27:00', '2023-04-10 08:29:00', 1, 1, NULL),
(3, 1, '2023-04-10', '2023-04-10 08:33:00', '2023-04-10 08:35:00', 1, 1, NULL),
(4, 1, '2023-04-10', '2023-04-10 09:05:00', '2023-04-10 09:15:00', 2, 1, NULL),
(5, 1, '2023-04-10', '2023-04-10 11:05:00', '2023-04-10 11:35:00', 1, 1, NULL),
(6, 1, '2023-04-22', '2023-04-22 12:58:00', '2023-04-22 12:59:00', 1, 1, NULL),
(7, 1, '2023-04-22', '2023-04-22 13:00:00', '2023-04-22 14:00:00', 1, 1, NULL),
(8, 1, '2023-04-22', '2023-04-22 15:25:00', '2023-04-22 20:25:00', 1, 2, NULL),
(9, 1, '2023-04-23', '2023-04-23 15:00:00', '2023-04-23 20:00:00', 1, 1, NULL),
(10, 1, '2023-04-23', '2023-04-23 15:03:00', '2023-04-23 16:03:00', 2, 1, NULL),
(11, 1, '2023-04-23', '2023-04-23 15:09:00', '2023-04-23 16:09:00', 3, 2, NULL),
(12, 1, '2023-04-23', '2023-04-23 19:12:00', '2023-04-23 19:12:00', 2, 1, NULL),
(13, 1, '2023-04-23', '2023-04-23 19:13:00', '2023-04-23 19:20:00', 2, 1, NULL),
(14, 1, '2023-04-23', '2023-04-23 19:39:00', '2023-04-23 20:00:00', 2, 1, NULL),
(15, 1, '2023-05-01', '2023-05-02 07:30:00', '2023-05-02 11:30:00', 1, 1, NULL),
(16, 1, '2023-05-01', '2023-05-01 12:17:00', '2023-05-01 14:17:00', 1, 1, 1),
(17, 1, '2023-05-07', '2023-05-07 19:14:00', '2023-05-07 00:14:00', 1, 1, NULL),
(18, 1, '2023-05-07', '2023-05-07 19:19:00', '2023-05-08 00:19:00', 1, 1, NULL),
(19, 1, '2023-05-07', '2023-05-07 22:14:00', '2023-05-07 23:15:00', 2, 5, NULL),
(20, 1, '2023-05-08', '2023-05-09 13:12:00', '2023-05-09 13:12:00', 1, 5, NULL),
(21, 1, '2023-05-08', '2023-05-09 15:12:00', '2023-05-09 15:13:00', 1, 5, NULL),
(22, 1, '2023-05-08', '2023-05-09 16:12:00', '2023-05-09 16:12:00', 1, 5, NULL),
(23, 1, '2023-05-08', '2023-05-09 01:12:00', '2023-05-09 01:14:00', 1, 5, NULL),
(24, 0, '2023-05-08', '2023-05-08 13:14:37', '2023-05-09 01:12:00', 1, 1, NULL),
(25, 0, '2023-05-08', '2023-05-08 13:14:42', '2023-05-09 01:12:00', 1, 1, NULL),
(26, 0, '2023-05-08', '2023-05-08 13:14:45', '2023-05-09 01:12:00', 1, 1, NULL),
(27, 0, '2023-05-08', '2023-05-08 13:14:48', '2023-05-09 01:12:00', 1, 1, NULL),
(28, 0, '2023-05-08', '2023-05-08 13:14:51', '2023-05-09 01:12:00', 1, 1, NULL),
(29, 0, '2023-05-08', '2023-05-08 13:14:53', '2023-05-09 01:12:00', 1, 1, NULL),
(30, 0, '2023-05-08', '2023-05-30 07:30:00', '2023-05-30 11:30:00', 1, 1, NULL),
(31, 0, '2023-05-08', '2023-05-30 07:30:00', '2023-05-30 11:30:00', 2, 1, NULL);

-- --------------------------------------------------------

--
-- Estrutura da tabela `salas`
--

DROP TABLE IF EXISTS `salas`;
CREATE TABLE IF NOT EXISTS `salas` (
  `id_sala` bigint NOT NULL AUTO_INCREMENT,
  `name_sala` varchar(150) CHARACTER SET latin1 COLLATE latin1_bin NOT NULL,
  PRIMARY KEY (`id_sala`)
) ENGINE=MyISAM AUTO_INCREMENT=36 DEFAULT CHARSET=latin1 COLLATE=latin1_bin;

--
-- Extraindo dados da tabela `salas`
--

INSERT INTO `salas` (`id_sala`, `name_sala`) VALUES
(1, 'A-18'),
(2, 'A-17'),
(3, 'A-16'),
(4, 'A-14'),
(5, 'A-13'),
(6, 'A-09'),
(7, 'A-07'),
(8, 'A-22'),
(9, 'A-23'),
(10, 'A-25'),
(11, 'A-26'),
(13, 'A-MÁQUINA PLÁSTICO'),
(14, 'B-17'),
(15, 'B-16'),
(16, 'B-15'),
(17, 'B-22'),
(18, 'B-23'),
(19, 'B-24'),
(20, 'B-25'),
(21, 'B-27'),
(22, 'B-30'),
(23, 'B-55'),
(24, 'B-56'),
(25, 'B-UPLEARN'),
(26, 'B-AUDITÓRIO'),
(27, 'A-MANUTENÇÃO MECÂNICA'),
(28, 'A-FRESAGEM/AJUSTAGEM'),
(29, 'A-TORNEARIA'),
(30, 'A-OFICINA MECÂNICA USINAGEM-CNC'),
(31, 'B-52'),
(32, 'B-50'),
(33, 'B-51'),
(35, 'A-SOLDA');

-- --------------------------------------------------------

--
-- Estrutura da tabela `turmas`
--

DROP TABLE IF EXISTS `turmas`;
CREATE TABLE IF NOT EXISTS `turmas` (
  `id_turma` bigint NOT NULL AUTO_INCREMENT,
  `name_turma` varchar(80) CHARACTER SET latin1 COLLATE latin1_bin NOT NULL,
  PRIMARY KEY (`id_turma`)
) ENGINE=MyISAM AUTO_INCREMENT=5 DEFAULT CHARSET=latin1 COLLATE=latin1_bin;

--
-- Extraindo dados da tabela `turmas`
--

INSERT INTO `turmas` (`id_turma`, `name_turma`) VALUES
(1, '3IMDS'),
(2, '3ITDS');
COMMIT;

/*!40101 SET CHARACTER_SET_CLIENT=@OLD_CHARACTER_SET_CLIENT */;
/*!40101 SET CHARACTER_SET_RESULTS=@OLD_CHARACTER_SET_RESULTS */;
/*!40101 SET COLLATION_CONNECTION=@OLD_COLLATION_CONNECTION */;
